cookie_id,score
ck_315fb710a0e371e7,0.00023574679933845944
ck_a76ee3b3e3e522fd,0.03446133533903116
ck_94c9a4d382689e82,0.010305819661237099
ck_8eaf9509ad9462a0,0.00011036390755792768
ck_9a88a5a989cb5bc6,0.0031600565155506053
ck_15239ef0689c1a35,0.0025747198259613428
ck_8de69cd219d3b87f,0.12541178747556872
ck_f92cd37022b0ce21,0.004101674283878222
ck_1a3ff7620580a514,0.0033791003127793865
ck_397c03aa33a57310,0.0912864796191792
ck_a7cf6c3b322f6b7a,0.0027552726291268093
ck_c39a9e75760e3201,0.0019553234265885628
ck_88ab6d245228c38e,0.00011138521596682392
ck_17733f75ebdea93e,0.0005192135211713055
ck_58eb871e8d7bed52,0.0022558579419521708
ck_e55b7fa67db1ec27,0.0004812732201793898
ck_62f5cfe22c952694,0.000795098665320421
ck_7fbb709a0fe95759,0.00013872355317771297
ck_87abe9cd066a20fb,0.009798028019527024
ck_d58e058b5c553dd5,0.0004039068473651519
ck_d27b872648b71202,0.0012841181640223678
ck_4b4a3c5b95c55b43,0.00021135005480317116
ck_66dd4f4b4127256d,0.0005238569228058351
ck_93cc12703b500613,0.08770154105333239
ck_d28806a2179092eb,0.9986060920915204
ck_0595c2a0c7881e05,0.004258064853725551
ck_50087d8666191144,0.16907624494621942
ck_b08b3f089138c901,0.005174618322794367
ck_fe3b67041dad2dd1,0.00048690077271232974
ck_8449a28f7d475d93,0.0027366309037272336
ck_8642e3b6d84f49d3,0.002105971427311054
ck_e49b5e4f2f2e79db,0.6515812615424659
ck_437afe412ea4259c,0.013673737289178567
ck_569b83668d74042d,0.2054230744927814
ck_233a487d31c3e631,0.9995125819637583
ck_1fca72e03143a645,0.9919982839505319
ck_79205e31223df2ad,0.013713019813915834
ck_9625a64406ea16e3,0.0011639994053625202
ck_079bd18dacb704a8,0.031156104149729278
ck_4db6d4fd2b49aa81,0.0066734034121512294
ck_0dbefdac0a1868fb,0.00015429154806228995
ck_24ff97ad90bdd69a,0.051560297651774716
ck_77f8c5042065d506,0.0007356114768997526
ck_f11be8ce05382cec,0.004693709714262155
ck_c9d72140b0389216,0.012599738712464333
ck_69eda24e931fb36a,0.0011293932023303571
ck_ed471e496916ee15,0.0005048998007618805
ck_ff090498c4b17ac3,0.0007119156016801683
ck_c3c19d6a0720915c,0.00035544266572610286
ck_af02e1817cfa40b5,0.01694301674945042
ck_2df5a9fc87553eb1,0.000872515857181849
ck_4ac918e884cff336,0.009373363018211518
ck_ca149244b54ef3ad,0.0023832835077258426
ck_6babe5b8674ff51f,0.00971726184270432
ck_1573878386886290,0.0006322636085553752
ck_3925f8565abb7fe4,0.00018333591825888575
ck_c4de808ae69c771f,0.00017253454547865884
ck_a777c813551281fe,0.0005994618697248497
ck_df4424f6dd85080d,0.009224695368390155
ck_85e5494ec20383ae,0.013704705441854802
ck_f71a4094e889c3af,0.0012623468596784863
ck_f2f3cf9cd23b2809,0.0032875432028229676
ck_18e2076397bcc211,0.02212490958457783
ck_c9f9fddef39bc664,0.006373726589862033
ck_7e826e233d6ea028,0.0011743059486180654
ck_62fd7eb46bee9210,0.0010325237391583324
ck_206f8e3cd72768f3,0.017090336943573432
ck_aa295a11b0a6ab36,0.007237383703477844
ck_9a56739d81f84a53,0.0009078329505520319
ck_aa075c418ed9fe5a,0.0014830679477415654
ck_62b9fb3db284941b,0.0011616184964562412
ck_f4f83b1403ebea46,0.002699476503302703
ck_16b66bd803288bc3,0.27463164248830046
ck_c4ca1434f3778f1d,0.9990535310259798
ck_1b823610371a29c0,0.0015840668512937118
ck_c2bd5a722aa637d9,0.001708351813575502
ck_7890208951df34f0,0.0009656100759007414
ck_020eb0e454524ecd,7.643030332858143e-05
ck_3b66196ccf436c35,0.0007872118451707571
ck_109fc467ec0a4af5,0.03040761752753968
ck_f3dcd818db92de7b,0.016025571074725284
ck_31e7742f160980ef,0.0019343312840832338
ck_77fce5f86f00b8f4,0.06689781690583546
ck_46bc797b4d07d607,0.00014694510182892512
ck_37899b1b571b1c6b,0.00729970620181868
ck_ef8a6af43fedd464,0.00033339706563407574
ck_bcc8519fe8521038,0.007752647761213834
ck_90696b7182dd9129,0.0009919828196505544
ck_4a24ad61d017e1ba,0.00420917350128709
ck_0acc3d8c67218b9d,0.0004787337072396062
ck_05c97fc9de11aba6,0.13604634200165724
ck_f8ac3a0500c0ec62,0.001234961404123547
ck_617b65141f546a1c,0.0024521566183061754
ck_9d00823bf60388d7,0.009244137614846847
ck_123c15d93f1840f2,0.10796063676222667
ck_573feefba6bf78bb,0.014735757398210711
ck_b25657bd16739036,0.0004875184785355724
ck_bd26d2bef14a8597,0.0013212101495952324
ck_a553418f2fba1440,0.004086462013097
ck_89f3e380b0686963,0.009924489449924013
ck_b359192aa659bdce,0.0035350977382237205
ck_02241f3dc301bebf,0.001779924675381069
ck_5ccc1a1c78cb33ee,0.00935328799336593
ck_349cc5edda1b8853,0.054648657106583905
ck_e9f228845bf6e28b,0.0684102491994317
ck_0a45d033d4e280ea,0.00546074007857955
ck_7e63168dda612235,0.000359110432019688
ck_676fa5f6aae5475b,0.0008173126459423941
ck_74b502b20690ccfe,0.0010196272871756276
ck_073509af21dd7f5f,0.41757385401929353
ck_498a0acd450944d8,0.00012520961018881396
ck_7f15b50b29dead01,0.0022168452810094326
ck_8089fe7403c5f537,0.003683090062628789
ck_05b2b04e11d9ae9c,0.010273230913934235
ck_31e70f2f04b48b88,0.00014698491854920974
ck_994316fa5a02b319,0.0001270540427872737
ck_b76510998b9a2260,0.0018351373790271195
ck_4db95c310e105d30,0.00014278522951531722
ck_6f730b77dc6cdb84,0.0006659600510561675
ck_2493ee8e7b91d304,0.009628819369066488
ck_92d679d6ac7dcdcb,0.06083818040059246
ck_3a0e0200cbb185cb,0.005987075013071371
ck_0b2eeb4e00ff7955,0.021650719970867306
ck_9843d0e61c37ebe8,0.999680879621658
ck_e61c8721e3ef1921,0.0005064970242579115
ck_2e0eedaaf2980c2c,0.0006782015782424055
ck_9036b2e5e9298a34,0.00017006427329188046
ck_3265442528d51728,0.0012059690941142087
ck_f2ddae2eb1cb29b4,0.0014466606293237802
ck_6cfa71d27fc27f92,0.00243700455490662
ck_f3199fbe84a28b9a,0.0058115779232826145
ck_b78d785ca3ef773a,0.00045370915534475675
ck_374865697f1480eb,0.014121237579454902
ck_06d0e4a9189302a9,0.00520649757373617
ck_9c9884b9bcaa552e,0.03178398304429111
ck_fd4cf578e87703ff,0.003923178589967071
ck_1917ef3e6e345549,0.011975150095571216
ck_e70418b00cbbbac9,0.07749123406666032
ck_a60388296a47062c,0.003751918497951558
ck_d598fe8d2c779ab9,0.0027627609321868632
ck_646dc03de4c31803,0.877793744483722
ck_e4fd8cbd842b6993,0.0005430320687675347
ck_2225b555aa2a42ed,0.004021493925562955
ck_6be8ae9d78148882,0.00079171076862487
ck_4199342d3aca74e8,0.029192078886667146
ck_779581adb573261f,0.0037028315747141046
ck_bb303568b6915205,0.11132216499536912
ck_17c4296276448afe,0.0011320443080986052
ck_a60a61ac829252a0,0.0005430213557640694
ck_6ea70950c1cae00b,0.9620511759005252
ck_1abb93f6924645e1,0.04284777044135343
ck_faab769cce19879a,0.014599994711739492
ck_d5b8e74e7ca6355a,0.0017646702150736582
ck_f11f7691af16ad07,0.00023168892114481442
ck_188fdf2be7c92e9d,0.9991700126551768
ck_4a103f8254b366f7,0.006665205928633154
ck_bfa17a0b1760e616,0.00032757967629647535
ck_a4d7f6a5869d440a,0.975683700287493
ck_58e20f5a3e7f11b8,0.8918679935623429
ck_4becdd3d2696c7ba,0.0005295907262212327
ck_dad5cf32ab9f243f,0.0017146905383928017
ck_7d9f73dc7c4f90c3,0.07585652720052924
ck_c19371047a2d011d,0.001654134771816083
ck_247589ff532f7aa8,0.0017108657010138028
ck_7a9f241d5f082567,0.0003915115658367925
ck_0a2b7078736b4dda,0.0017359343542004235
ck_687b412e2aac7eb6,0.006995712067481885
ck_fce0b6855886a0b8,0.0003775171223000868
ck_e291cc60920456d0,0.10496872613297507
ck_04219a7ea798db51,0.006789604685534359
ck_286bfd719836e9f3,0.05066109357513123
ck_55efc92394fee232,0.0018476514643946472
ck_e36c8da1bd359960,0.008860497786987604
ck_34b0988a97d96902,0.0033118249315455335
ck_e0fb11fc9dcb34e6,0.017360371455504304
ck_bcc9cbc9ed8b7c31,0.002731426375753705
ck_3df8da6f60a89a5b,0.0016432684455275515
ck_b1495ee5c59a6b28,0.0022823353868441612
ck_58f4c3ac61fda129,0.008773119257839832
ck_735f244b99e3aa8d,0.0021544867481508158
ck_6b93bd8abf87b1d6,0.8351467968043014
ck_12107dacc6d05bd1,8.516001973726144e-05
ck_f96db2a1f3448d1f,0.005842145589264332
ck_8fd91a3c99e19097,0.0025550264898408894
ck_910205d25388a0ae,8.949683070658165e-05
ck_d229dfa0e4442628,0.00013542724725971254
ck_7cdec61e1c488798,0.021916168462165743
ck_f66f06e24ff32671,0.0028351003530990523
ck_350bf14e90b503f5,0.002081526679466797
ck_61fff5fdaadd394b,0.0006159767369398546
ck_e934f984bad2ff91,0.38896656504630933
ck_ff6a6d3547dd2d37,0.0017454163854022228
ck_65ad9b15979e3247,0.006024101883235795
ck_bbe1a2ea5a403ad8,0.7992147694600907
ck_6f3a28eecd2c4031,0.0007131501392859179
ck_a89b66665714058f,0.0007042688245584643
ck_918c92182b6817cd,0.005662906971268574
ck_64f5eb4be9e7b8fa,0.12209549997783378
ck_d021fd497ea35fb2,0.027073962379282567
ck_004de16f7d8a42ae,0.0012883139682352462
ck_a33d2325f86ab12d,0.0005470121042672083
ck_89790ff26c844bc6,0.000491170944943458
ck_e6e7257377c37b28,0.03298489122703504
ck_a2cc3910a641a808,0.889682959850638
ck_646e270e0195bf05,0.0012510592210878098
ck_baba5d66def0d770,0.399522554496764
ck_67cdcdda3033842d,0.05454768394719975
ck_b5c3075c811a2216,0.004874793217535779
ck_515379973a8044b8,0.00060255461615526
ck_c0ce85fb4109567d,0.0020818677203835356
ck_fef850553862aaca,0.0007568367828105608
ck_55d7217b0aff9fa2,0.0010389304543630075
ck_8e139f8925ef7968,0.0010676502449053075
ck_9e35b908fca1e4d7,0.00022177515059385502
ck_59735f4ab2ad3da5,0.0044238835026506485
ck_dc569c1167ccec0d,0.8609877327411987
ck_1dade5592f90a15c,0.015674911398978347
ck_793048d11fb8b328,0.14588095457913627
ck_545b71eb4fa594b5,0.0006066964685248891
ck_bd30853e9a57b544,0.004427057659804973
ck_59f46321ecf6d306,0.001119711765361571
ck_260cfe9141d249f1,0.14959037628582472
ck_3365a0ad1a8aa83c,0.0011107444538961736
ck_b0ef193195a2138b,0.0011283818412242518
ck_0f909705e2e60f2f,0.0004985885541595547
ck_5a540b75c866166a,0.003335228341167281
ck_87c26b2f41025109,0.9910480393584662
ck_27acc9f320cda104,0.058813741607615495
ck_a27bc31eecd9cb9a,0.0024646599189449697
ck_115d86fabde77b65,0.00027243821969665985
ck_eeca179341d56f8a,0.4381749857336539
ck_8e5999c436cf037e,0.0002341119407339336
ck_510e7c5df1f95d90,0.9967372558773191
ck_f1acf73363925958,0.0026335785479783087
ck_3c177f5970b68bd3,0.0015991440976817033
ck_9cdfaa1c30cc9d32,0.0005477959704832217
ck_c8efa1538b37c359,0.001515756234017532
ck_a8a2e296f9804bd7,0.016205244246041035
ck_91a0ca45f429568d,0.0035119563865770704
ck_5fdf8a0bdbd3ed62,0.0013666531543072972
ck_0f4e2ec66d50da5f,0.002126992640603536
ck_28c53b214b2ee882,0.3231326142936201
ck_003148504557f720,0.07738507589737355
ck_01d840cffb870615,0.1794144936079124
ck_555848d51f4b5f35,0.002491126997318518
ck_df20cc23b8fb8e22,0.002354877288464053
ck_f9604adde929beff,0.000618013512167161
ck_d66952b03591bdec,0.0006946473954664329
ck_ddcac1ab765ff61a,0.014582727331531818
ck_347386629d96c664,0.0013843328640905656
ck_ab01db9117acfe3d,0.002402366204354976
ck_58e5359efc52e0ad,0.0019462245226702245
ck_1a524b5cc8da71b3,0.0371535609707005
ck_e9287b6d909d731f,0.0002557912360133152
ck_bb41a66e3d90263b,0.13685694825058542
ck_e95c8cc1864bd584,0.0006166924885145932
ck_7a3f2961e9a8b6dc,0.0012705637215257857
ck_378a9df82b1e0bee,0.0487700027852675
ck_42633573639a3f02,0.9917018402145528
ck_2a5a4c18c2c7274b,0.0009286221870194532
ck_77549c1a41f837c3,0.0021996059953553774
ck_a26704b5b26258b7,0.0019638910177268805
ck_9874ad160efddf50,0.00036127142264073207
ck_9111e3a04b14dfba,0.011517450104877966
ck_651e076ee43aea85,0.0013704285657693198
ck_391639c0f13932f3,0.00042578511790143853
ck_02dbabda93c8c13d,0.008591958083930491
ck_0adcb1fffcb0a34b,0.006926883993266356
ck_7a43ef9c7b1c67b5,4.412065612936677e-05
ck_4b9dd69946438d0b,0.0009005572065186432
ck_90bf017cdd37b66e,0.015989116278123314
ck_61c74163eb36556e,0.002185787257165726
ck_13376c59b5bd6943,0.00023059406306438207
ck_62337eccb1672737,0.000452834523569855
ck_16077934338472bf,0.0003323047697613561
ck_0d4dfd93086e7330,0.0012715702657778109
ck_3865b7525b910893,0.0017006306403903081
ck_7e2ae8b69ebd5675,0.012740730206383798
ck_b4384b6c11766ce7,0.0006794474913847616
ck_3d7fa32dfb9fc692,0.03373050947879436
ck_f4a6a7cadd6e0603,0.04239738853223153
ck_212525e2828a6c45,0.0015168688680064163
ck_33ad8d53394ba77a,0.48898099559753694
ck_a5051eafe8b51224,0.001615525436399212
ck_f65e5ff7da565f91,0.0008292637670177124
ck_5c37f7563fa7591d,0.0035025005750719627
ck_f1e0a006068aff29,0.005967054220201202
ck_c646cdead6fb79d0,0.0005135938606191504
ck_f8b3cdffef535330,0.151685498229995
ck_e5cdbe3aa12c97f6,0.0009631970463929005
ck_986e4e61440506d0,0.1282651714194524
ck_6da9c5912e15d9a8,0.0019293825235828727
ck_51d842e6dae74c71,0.0005377867392326738
ck_5fc65c24e0736d5d,0.9604972903877691
ck_babb95a76c69509d,0.01249691572932324
ck_86a2d852a9715432,0.001389792879944717
ck_db4083a0d043def8,0.28209454284431695
ck_96953b8945b7d403,0.011714277130933277
ck_7831ca5c31fb3859,0.033224262647141845
ck_60ac5e5f375daa38,0.0018936099211680451
ck_05d44eb1f5f085ce,0.012396476322120863
ck_432cc19c7eeaa46e,0.0168876707903287
ck_7fc513033af061af,0.2973147970633275
ck_ada6ede84c111719,0.006132510492093527
ck_6343e0d3b1c2962b,0.004375419353749511
ck_010264ae04f2e902,0.1402044396971967
ck_e9dcf535f8c289eb,0.015064400989824691
ck_37143d9cc296e6fa,0.0018715797728648656
ck_61fa051192f3e810,0.004484491751052746
ck_f9f93d1d41be1468,0.8487677909815111
ck_c4f4f28457be8a74,0.0002817227243263912
ck_323a71f9452d21cb,0.5469211831892956
ck_170f4688e0acd875,0.038958821746866934
ck_869b1878d09d230d,0.1693989327465529
ck_2f6b33bf46976229,0.0034012379731905387
ck_b11e22e75d9b99de,0.00044708380766562245
ck_123d75ffb75b606d,0.0011833199272394453
ck_94295287a04c85d2,0.031237803086417232
ck_1b0434f096795328,0.00015864264571421654
ck_0a4e191cd0a57ce1,0.0008766580242872253
ck_d2fbd0df99634676,0.0029367237037033534
ck_d51df5e9fbbbcc94,0.01580172718803384
ck_2d3d7d64a6f443f8,0.006650610775707475
ck_731943c682c9394e,0.001975183809730562
ck_5ccc0c94e5e1f849,0.0011099422117968835
ck_c3476080516db25d,0.008707810225953471
ck_5010ffb1c94187b5,0.000604596441320291
ck_7ef666d67bc70223,0.0038643341193662644
ck_c1b493527224a27a,0.0012978218239503125
ck_5d1e25d7acc5af9a,0.0023436628218143447
ck_ec30b61cbf517db8,0.0006577486245956464
ck_79323eb5d2e5efae,0.00042120392501707036
ck_4085cd3bf2661518,0.0009558791502595383
ck_2ca91214c357c072,0.32856298806536405
ck_7f3132d6be389657,0.03455736233750898
ck_e7a6b925c8f39a85,0.015503404784147657
ck_c886adec7bac250a,0.0017639269064481035
ck_c3f360c2d0ea0a37,0.002190547147269708
ck_a7acd5b015823793,0.0022639367831119727
ck_9d64187c0800f84e,0.0014014267010397559
ck_5d4ed73b9efd7d11,0.0012882416926569995
ck_874eca6776b34dec,0.0005360268233337687
ck_96a9221a87be93c3,0.005714780548085962
ck_68dd79a51eabf5e6,0.014351903180203579
ck_8311cb6755b2016c,0.00021591360326326012
ck_16fc77b2bcf5ec03,0.9520284917982375
ck_ad9e2088a33c8c72,8.197460474117025e-05
ck_7176bbc97b1e42a1,0.0003409050129142021
ck_80dfa54b30f65fff,0.5538299987172098
ck_31c54d540b128843,0.0007775522704579314
ck_43ea894480567274,0.02744363027712072
ck_9c9e8a38bd5a6c88,0.0047385644160630085
ck_1c2dcae19539e148,0.017677330452543046
ck_b0fa8b84e94d8ae0,0.006651671321919567
ck_4ceb43ccd0a81c2f,0.001010063862264938
ck_ba845332b730b596,0.001293479716775054
ck_73d3e8c6077f61e6,0.03307891928281932
ck_b5d0d223ef56473f,0.005715472082857372
ck_949f08f8e80e93ea,0.0011177810922331408
ck_73de0b49709e5f8c,0.0010716968096135353
ck_b5935e9722a39819,0.015903810439503164
ck_96247fee0eb44420,0.0006478042274335733
ck_a6def1e4b2d57e0d,0.01308171351166874
ck_aecdc5a96321a2d8,0.002777924657792601
ck_bc61c59970f8de49,0.008294783946536021
ck_c43b4175fc9ac5bd,0.8409093798713275
ck_8ff7a9b23a55fd62,0.004522090553059544
ck_20c99b645f462449,0.004279153979201449
ck_a5ce2ae36fb410d9,0.00037179722562041015
ck_96fb9bf556842bbc,0.0021480885708554357
ck_b5e4c6dbbed1b773,0.005496973671774813
ck_2085433978e72ea9,0.02570828274267429
ck_2c6b174b063ec637,0.006363477327424504
ck_b20b81b88dabe28d,0.0011475743877582209
ck_243c18dbf150831c,0.00029188034654186693
ck_2bb6a17e8eee35cc,0.008066125614180087
ck_66147fb994495396,0.023521036940837233
ck_73f124f075ede0fc,0.0016907259326575676
ck_2e315f1b1e533dab,0.0003978886859607344
ck_16c7bf94ed3e7a6f,0.0002199286395713075
ck_4a0eae220a762ac5,0.0029854911142482856
ck_dc16f939c2f44ad8,0.03452277169874815
ck_817926b449754917,0.0009479502537980501
ck_0c0dde42ab64ef87,0.0018327872632229443
ck_cb3a40594da6a2ee,0.006949275840565861
ck_d0dc156441fcfdcb,0.004890120655377345
ck_66f0945add423e9e,0.0006828165970577585
ck_a74f6a3030f5d495,0.013865633125310127
ck_1ae460f331e49ae2,0.0020178375851240523
ck_2d177b2f4f0b40c9,0.14554272024751042
ck_92e474e4368c4791,0.004349156266681254
ck_3dee83fa2d109484,0.001032741745737231
ck_80e5ea27848069fe,0.0009529012161615122
ck_ed0c4a83701ca230,0.004558949523548878
ck_0b8b7c5c581fd161,0.000797657982887954
ck_60bf8a2870956fb1,0.000923689261788049
ck_73a54b56a2bf35fe,0.8982723205688113
ck_2296d7a563424883,0.0013421745864199747
ck_bc19c383560c7477,0.004198118377909932
ck_861d8e3d88f1079e,0.017069869311156616
ck_3f090fc96c24eb28,0.0009998055475529948
ck_9a6a1f8102febfca,0.011503337019555176
ck_541b6ad5d2fa5a39,0.0017231096352925976
ck_a760d38d1bc4de97,0.0012173642871543607
ck_7dca4d7ee10b4eeb,0.0004993870919434351
ck_15220e78d1545e40,0.001403174688493636
ck_ca24bb0de508efb0,0.0004890293335261525
ck_56b389627d8f02c5,0.9922692736355928
ck_48a6754977a44db0,0.0008594267330463882
ck_333a43ec339a04cb,0.01220911574122152
ck_f22aacaf86a65d7e,0.007801696000803298
ck_04bd8a1ffaf3ffd8,0.0004881769420529818
ck_2737a72de6b700f3,0.023805777167767116
ck_c35e03b0dd0c3454,0.0022066491968037913
ck_e0571312f395cd94,0.001833575306539747
ck_09fab6b9825001b2,0.00021417565887144367
ck_18c3a095606209e8,0.002507943451121928
ck_2a97db9377d01e36,0.0006596674807428857
ck_f29dbbfdd2786bd1,0.0015644263979876154
ck_35d6c510ad29362e,0.054924832584434764
ck_5468fa99c945d785,0.007511022941930819
ck_6f8102f62c876cc9,0.005038629138809707
ck_91955aab3424ad16,0.0015968249395651112
ck_9a43c0c73a39d759,0.023035732146292155
ck_60b023af6d1e30bf,0.8554895340271049
ck_9704c5cf8659cedc,0.00783349714146887
ck_7e5f02b51b9f78bf,0.0720846338848159
ck_7d3a88d1aa649708,0.9544549482723338
ck_8250eddc1ecb07a0,0.00744308923427467
ck_d979ef95ee44023d,0.007108791652501093
ck_5e5461dac83531ac,0.004301473258206917
ck_d1bb8890081e0a31,0.014609816450413598
ck_32246c62640648d9,0.0007176558553889245
ck_77a40c7d2f862a32,0.024117670543898462
ck_1c8b94efe9238f5b,0.00107194840268721
ck_eaf3b6d11bc3cb11,0.00014823816706412528
ck_a4a7ef3ad799c380,0.002157434392968434
ck_d5bd8f68da073cd8,0.0017368390673505416
ck_6e6258227fc8db7f,0.00024344521641297308
ck_c35d444e05799db6,0.0018253038527744796
ck_74665e1209140ae8,0.0019631200780898662
ck_353a272478f7e903,0.0010265818628475188
ck_a2c9796ea229a4e2,0.002323504605081685
ck_e0171f91cb3411fe,0.004632251732507808
ck_703499f5410280f7,0.00031172433943551657
ck_ae3a763997f8f385,0.027797954553470883
ck_f7ff94c3df5ac874,0.0035362651143235535
ck_f3c16d8f747db046,0.0029543978546050704
ck_7ef019ed77276496,0.00048167419089205837
ck_d6a4faadab58a3de,0.0032290272751274176
ck_ba7b78d31d74c794,0.0025585481607056947
ck_36287d063350ce9d,0.0011372785684102924
ck_5177fc7137ff26ce,0.0010420651420447685
ck_dfd4e79aaa967b63,0.003904962042978488
ck_fb44d15fb93a7157,0.002778192847808035
ck_fca478361870a4ca,0.003579460850582811
ck_e57b94fe57341058,0.01206644158890803
ck_5448c946cc4758fe,0.0015492173506383075
ck_c5ece5ffb8800ad4,0.0009888971336533563
ck_11cb98211b2ed134,0.9350830206182998
ck_f655399ac75c4450,0.0020805729964574853
ck_c817259019588d30,0.0028344727788034677
ck_8740a14d8096c6e1,0.002885155974432074
ck_0c5ba86f4e05b38d,0.0014456914004083482
ck_ccc917533d4b73d4,0.0005355136915257445
ck_9eb80edfa43203de,0.0023629879510294795
ck_d1a1cf4cf61d6801,0.003409928268453116
ck_b17c239f160e6017,0.003626416550021571
ck_410c3e13b48e0415,0.0004897917522823038
ck_ab553954435e8854,0.6964440493628817
ck_bdbb4230c91e1604,0.001452897793582643
ck_8fd4937eadd64fb6,0.0007884554781233549
ck_e0e90b196bef3c11,0.00020857926125187777
ck_3dc4d464386f0eb2,0.13005252897426428
ck_51bbbf8f8e8ad005,0.9996365391734329
ck_c05737ab74cf03c6,0.013539567867381851
ck_dceabbe04d99afc2,0.00019844524657811242
ck_5b86fd14e85bc9c7,0.8278448795852843
ck_d4febf0083800424,0.0065170376852929845
ck_77d9f86dcf251739,0.003135221550715904
ck_b4dcebc543deaafb,0.005919219329902287
ck_cb856e75c949b0cc,9.565920639504313e-05
ck_61b067de8ffc1ca1,0.010079795004212704
ck_c0e8560ccfd9dd9d,0.0002444625251094076
ck_173e1198c341087b,0.0006800639835332628
ck_b4d55bc809000276,0.015466604554885036
ck_839bf139296b5cea,0.002044036045587235
ck_78cd402a2a4f2e35,0.0004184481204242386
ck_c2925c50ebacbdba,0.0002493639123455212
ck_5e3bc76eddbdb0a6,0.0003411737431072147
ck_b7793edca26fc512,0.0028707086388891426
ck_d79bdf04d6f31cd5,0.0005202529372620323
ck_4b97d19ed946f503,0.003675647531514897
ck_37139b41c5370523,0.2505011350844097
ck_8c346eeefa9ce692,0.0017139335572218153
ck_2ab7eddee2d8c49e,0.0012970791962359793
ck_29da59ea3bffb9d8,0.02303240843939501
ck_c1d05ef0ec6e4be7,0.001628542557173505
ck_3882423b449f6291,0.9870339733347084
ck_5647030283171ed5,0.8884822308275568
ck_efbdcd9c181e72ca,0.0005123104658729253
ck_192fdad892782daf,0.031546217256116
ck_0bf2e13b9f2601ac,0.009779345815735703
ck_3d6046a533057795,0.0005829566278264433
ck_279a1d3a3836e5cc,0.015098500823732977
ck_c375e929becde422,0.0007164616644161287
ck_a59e90219939a1f0,0.00020695332706251223
ck_4e9fba1ec54c3ff8,0.0023691296091715337
ck_bcbd8588a13f5eef,7.45052138290692e-05
ck_5f9a7ff990341bdd,0.0007251696271825486
ck_e0403d507519b7d2,0.000742435241035249
ck_c9490cb61aff5112,0.0032375472672687327
ck_41dd44308e6a665a,0.05471566304577109
ck_76c23726cd7ca947,0.0023178456230650065
ck_9be551300209fa83,0.023224123163903838
ck_a98848eec6c9581e,0.007412138889333828
ck_61176dafb33b2d8a,0.9105732209024214
ck_92de019e05971ce3,0.006666968478056954
ck_5d644224135d7c65,0.0015328357010734367
ck_c767fc454fa215d0,0.0007285285255203494
ck_5df85a8924e11f27,0.029722349834771147
ck_da2729307af06ed5,0.009708185198200731
ck_7c6b577174af7a78,0.0021756349506915212
ck_893b8afbe11301e1,0.0017575907550647356
ck_e06f6fed020ae014,0.002231519103850289
ck_386680372fb54857,0.0002918245794354113
ck_7a7f3c4fe0c9d2ca,0.0005479622145339188
ck_f908b527c4db422d,0.011621031817026544
ck_ec2eee6a133e9a6f,0.045075566140153366
ck_d98934f9fe0b02b3,0.00015720194685822566
ck_398a1ed77b0130e5,0.0005179433801468673
ck_d960af7a55b892b1,0.0033900065833557327
ck_4637e54a9f79e2e7,0.00037358239775719964
ck_02b9f418524f6650,0.006957312919847243
ck_d4b23804cebb045d,0.002182941932560141
ck_35b1939c48182a9a,0.0042909364862649116
ck_2dcbb71e39d64305,0.001573199965072804
ck_47a884dec960ff2d,0.0034584284166804258
ck_71fd8c346fde5cca,0.03692632585553777
ck_98e1992ac8e7d2de,0.015902914783270643
ck_ae7780327e210522,0.0030754889065979186
ck_e6c584b4b1ad6d9d,0.0013025096397038726
ck_344b2e326a6c3dcc,0.0002222432287118487
ck_9aa899a5230b0963,0.011138024082470976
ck_e48d14d5b70ef5aa,0.0020214414115662382
ck_59d380a0973b3951,0.0036942343061034054
ck_11318f7c041a5ba9,0.0008837610610038801
ck_7061786fe2f22f5a,0.003563290233783772
ck_e77529651c416cf7,0.002591476067714826
ck_7f79878197340435,0.0002640587371131379
ck_b0a0fb0ee9ebf106,0.0028163739818863895
ck_70c7679199776a90,0.0024769475424042953
ck_b9facd2210daca5c,0.014253067889923254
ck_9949f53c155b8dde,0.002453397947219839
ck_1c607e24f2c4397a,0.020553963925022234
ck_aefd1ce3ce093cbd,0.0005032581126531504
ck_5a29b7018e43280c,0.0002828436878222522
ck_69eb0b2ccfbe5f95,0.008820702907332981
ck_fe037765aa465c58,0.00024374946771821103
ck_5e512ef5362a3dd6,0.0010257776276936241
ck_544a9e80b7fdc279,0.0027123855668891622
ck_7825494e654d5695,0.007689897624576066
ck_f1f2c3c623553f0d,0.0002662743378007195
ck_52730906e5b461eb,0.9075555081493623
ck_01e0689157fe9617,0.38176443986202196
ck_9da82e567074da9d,0.005309176287853731
ck_6a17384072f904c0,0.003378469870658275
ck_8d84d771a21942a7,0.0004412621049477566
ck_39638880292782a7,0.003909286607493483
ck_7d51c86e0eec72ac,0.0120807917835485
ck_45f4c821c70d134f,0.551023113923949
ck_0af3c13ba56ce57c,0.0009503978851135725
ck_0789a05e061b2784,0.11021465153595643
ck_6ba091eb42ffa9fb,0.014249452870364358
ck_265accb3c5c32620,0.05972858057739926
ck_179039559ff7566c,0.00941910134092033
ck_17c0a6a92b5765cf,0.0014245647274147395
ck_59371c9140239fd7,0.0048287481515018
ck_f9c4f8b4ce2691f0,0.003889554080577675
ck_a2637e4872cf4811,0.05641986908463237
ck_1de43fd6c6c22a5f,0.24764685684463686
ck_6e4f31bd108571f0,0.0003068394895137037
ck_da06d97db0b18851,0.00150390327799832
ck_e0346d5081e640e8,0.012267687239450462
ck_c1c7d4e62c9fcded,0.25050688623585277
ck_2595669e421299f6,0.0018253088959013092
ck_3b6057d51fd4c7d6,0.0014325525201704895
ck_c5f8ab515840a0fe,0.0004698791329650617
ck_435cb24538c6f77c,0.006361224790184907
ck_d84b5403da4cea7b,0.006806918335237197
ck_c2b61a98d1c8f6dd,0.6440267222381801
ck_c9dcd92b2f836b61,0.13296778756084535
ck_9eb5b3f5f672c2b1,0.001273342625978917
ck_e4cf189a8d31649a,8.744020706076983e-05
ck_6b114f2a48152b96,0.00018439672820480725
ck_3fb95862b70f505c,0.0029995028827344877
ck_7f780f465c29398e,0.001549205529374519
ck_ee387f9da79e67ea,0.04581766799834535
ck_fa3b1e85d27af2ee,0.010033810273002281
ck_e739eaaa7a1822f2,0.015990320871900634
ck_dfa0ac11fcb1dabd,0.0002425809773713743
ck_6e8751b571ea54d1,0.0017777741684230118
ck_2d695f8358383092,0.003944512122699694
ck_e7dce27edb700f27,0.0022697240012002
ck_e322da8b213eab52,0.00031233499820818207
ck_d0b32e039abb8200,0.0005808864894479137
ck_b354003302b272ca,0.0010505726052549773
ck_f7485cba392bc294,0.3896652466336501
ck_d6a290ff8362c7b9,0.04952218222617946
ck_c56a44fe315c0389,0.0019582667109181123
ck_f77dfe6512eae322,0.00132515059914841
ck_35fe969c58b9e70b,0.04302436342105111
ck_4c518637db2322d5,0.04261265752193242
ck_cb61902798ecc4fd,0.029288101219655024
ck_56e6cfa32156a916,0.000959863764858918
ck_343e6ed2b9d35c01,0.0008142628436542044
ck_51440f64f7250ad7,0.006505640014562737
ck_295bca29c34cfe2e,0.05851284818678974
ck_dd30558576b45e7b,0.0026909846410757537
ck_3a30132a57181fe3,0.0056753500108122044
ck_4a733aeb833406f4,0.0008444483427240699
ck_1b0b7c3d35ab1259,0.020437353595821137
ck_962c3bbf27cd4b80,0.015937461522292883
ck_9528e1d6b1707870,0.005178155265953147
ck_b3263e7f31aab45f,0.0026206234541943066
ck_e69195a3c885053d,0.0002561884954383122
ck_a907fa8795cd4baf,0.00014716129462621973
ck_205c3405045bd835,0.000887234868869644
ck_e81fc223bed3c46a,0.07085937670838323
ck_363751deae40edfb,0.08575168729518247
ck_6176baea8cbebbb6,0.0003874444847366266
ck_633e6579f5c74a5c,0.7869541708711476
ck_ddc11fc481eef58d,0.002267202268262824
ck_e975002c979e12c7,0.01221144746300278
ck_8e039b23acaaac00,0.016256365952789995
ck_1d6990d94a4d2ad6,0.00268151464230067
ck_e7b583acaa3171a2,0.021964842379255004
ck_c0133f60d39b2fb5,0.003490422249639088
ck_7d6bff85e7a694bc,0.00032677694660600363
ck_d305b4d82f63f647,0.0008981093306298314
ck_22bd0fc71f95e048,0.004930093434619955
ck_9a65fcfc7916f93f,0.0006671726461345045
ck_d61c837b0106085a,0.0031524446740314725
ck_be86a1db08dea456,0.00235219009940243
ck_90489c405e6886d8,0.0005204398674437501
ck_0add2c321d579d75,0.01798477136463693
ck_482dea6eed92cbbc,0.0021535693823158983
ck_c24b47184534cc2c,0.9952944800704455
ck_fa04ac31e596e7d6,0.008557000206812763
ck_084322dc5a3a86f0,0.0026738093414356294
ck_ccb72a33cc1877b7,0.0035268019041371935
ck_afaf374009d3b248,0.0014055364088149365
ck_b53084ffede19a8e,4.074904837627589e-05
ck_4760216154c8cac2,0.7656374402562901
ck_37ad3a65db673e70,0.0002400267529241224
ck_0c2932cc0d553694,0.0013975299768533578
ck_86b853c52f20fef5,0.0011744704932472262
ck_38703b7546d35a80,0.005905045362207062
ck_218b7e6e6dbd2da0,0.0005049631593815717
ck_402db4184982fdf5,0.0011243189924852793
ck_f917c82af80e4a79,0.039404336884299056
ck_3c6417a233c68c73,0.011122119816916397
ck_98068c397d70dd3a,0.03823564991271208
ck_b1cbd6679c0f8d95,0.0013722790857921402
ck_9e962f9bb0e7bac2,0.00047244593736054286
ck_b08247c3ad567d92,0.3143973457400316
ck_3ef7a03ebb81cfe3,0.0005151205626155922
ck_5d7ae0e3562e99bf,0.05700309830258905
ck_c91a628236baf91b,0.07611981648305999
ck_7f8e816ca51755e3,0.7385173210863126
ck_5aadd286d188f5c3,0.001247815530138002
ck_a037aff5f8128c73,0.0015337979987662881
ck_5df6529ce8290906,0.007704894153085352
ck_5f3609511443e5a8,0.0004107663586710714
ck_a6f61864fac3c8fb,0.005557549423747949
ck_2733fc6ba23ae46e,0.00582992640577708
ck_22bfb9246646eb41,0.754848616404465
ck_bfc2a57d8fd1610c,0.3414022442849881
ck_49839e761d0e74e9,0.001189808320027573
ck_aa4ba931dd37481d,0.0003795086069967459
ck_2f9fa0d61829f815,0.0019184677479072876
ck_5b82c774df10d49b,0.0001611555530868045
ck_411219470d0a195c,0.005379127178864105
ck_d07485ba10514a2d,0.4239225714635409
ck_219bef979ee21bdf,0.00022976501287978477
ck_eb1006e7285184a6,0.013943385192239838
ck_fd242b18575e3063,0.03836148128068012
ck_95188150ff059c70,0.06779162185472441
ck_a9ca2f447b984a6a,0.004123580897316837
ck_2dd39723c4088b64,0.014789298154951433
ck_aa2b4c662ff213b6,0.006925544235386969
ck_1867b1199c864db5,0.00507567408092213
ck_850ec97a5a0dab9a,0.005484111685661275
ck_562320295fa35875,0.00023195025124897914
ck_bab5759b07fe2bea,0.0031504961972192826
ck_b9f1465d803e57b2,0.024947702807971706
ck_8f21f2690c32c691,0.017886992357271238
ck_df87d6f61a63eb21,0.00023139480538250174
ck_770475876d0e7e6a,0.0034033340935036207
ck_b4c014d5c0cc9eb2,0.0018105292679255385
ck_3add4d23124c9290,0.0005946449360277781
ck_bce5b7fecfb6264d,0.3165727058956549
ck_604c17cb97dc89be,0.020294761509454046
ck_e52cbcd9aafd26b2,0.0017646813179293776
ck_0ac9114076f5bf3d,0.0003553299131650438
ck_dcc125b178b79566,0.00040558414966786785
ck_4e333c09f0c37dee,0.0017561165757483987
ck_ff7e31ff8ba731e5,0.0007637668234097468
ck_8d0532d24f1070d1,0.00019346024662397353
ck_3689fa41748a6f6b,0.015528270080146475
ck_7509eb97c1948b16,0.002913952187092953
ck_a9161cf1ca22a6bf,0.0012344449858902099
ck_bed3e3db135b782e,0.008228920023078621
ck_9040edd974ef8e3f,0.5274782402626599
ck_fac32d76ed40f683,0.003477387459317502
ck_3d7b1078e2d57c69,0.0006980773893522692
ck_dae09c4e074af5dd,0.004575893255809835
ck_fd84507228467b40,0.014878680601154864
ck_e2a2ce9b8cf44c63,0.0012386764883650454
ck_cbe716f351d660d4,0.0020427563338437744
ck_cba4162ef29a6d27,0.0009689911648306008
ck_4f1e962ff8a29732,0.0011247033465256427
ck_39a81899dded61e4,0.0008685024787084039
ck_25382331551d22a5,0.005132009061192597
ck_6d64e1c07b19856e,0.003542339247521183
ck_165a868bdef28ad3,0.0064256292352183955
ck_88774ae52e30e877,0.0021101984129184384
ck_fc7a9d0643570053,0.00017230196437467598
ck_c2017120b3b88a46,0.00022035180204060914
ck_d115ac6b9fd62a7e,0.004081493377746254
ck_439cf7d51ec7de0f,0.0034680802601937477
ck_2468a7e9e68a0927,0.0012909729509229138
ck_7c418947124dee8f,0.10958897724193603
ck_fb0cf32c4a56f740,0.003752095461176323
ck_694eb6c43193afd4,0.002328649736937184
ck_993beb188dd4abb6,0.002049883950526366
ck_77fa39d3b733c226,0.03472765593705796
ck_49969a9abc47cb69,0.0036341930542306707
ck_d3f44bbe2f7e9b2d,0.011407914091579714
ck_fcf5b8216d0c18ef,6.894028578303934e-05
ck_daefe1e2d2bc362d,0.01024856074939061
ck_9c9287cb28950eb6,0.0018667096101589362
ck_c1d1a625b885a975,0.0029197969695409507
ck_71b37fe47490b4ba,0.0009182769333657951
ck_5d16e257c0635f7e,0.24512235751719952
ck_15918075563eb074,0.00020185598989380194
ck_9a15fdefc47e8d11,0.007118400239155174
ck_6f04d047d1dde75e,0.0005245459436856823
ck_1af2c0b3b8d202c1,0.0022631660909034077
ck_174be2231c5fd2b6,0.0003138751737019485
ck_bb0713a2a1d65982,0.0010684078851656486
ck_0daec63bd5b0729d,0.021375042491442585
ck_c0b5cc3e8ad2ff44,0.014417841696560572
ck_35bee1fc12664644,0.09843380236577758
ck_a1c7cf63467df4c2,0.0009266840510938823
ck_ecb1e15f0b185ceb,0.015323225685841744
ck_f280d31f54a4710a,0.004131795643602018
ck_30f4b2ee8abe1342,0.06881240380934064
ck_66bed631354de5b7,0.000740307084755257
ck_c2d3ecd7278eba2c,0.0005050023329995751
ck_e901dec0e09eccbb,0.00018755587557332855
ck_5d038ecb3c8748a3,0.0011313634491765749
ck_283c5bea94b21e80,0.0005239815653235952
ck_7956c251b85f009e,0.6310360975794648
ck_9f5f81d771146aa1,0.0003273165054139966
ck_9323e6fc1e168eda,0.8873894696565633
ck_10495d3a635b8d69,0.04890109155522538
ck_1982d571cd36eb0c,0.00029105188507316343
ck_4f5d7985bcc2eda4,0.0012067396508522285
ck_7df526b2b4410bb4,0.002627886209763997
ck_dbb498b1a346a402,0.00020636294871967823
ck_ef059997563e3330,0.0013459706960701435
ck_02ec4e06709e6b82,0.0005856069387408927
ck_9782c86ba6485f88,0.0007857090103775886
ck_d69de468b44143ca,0.0016979196712931246
ck_6430a8792f400e0a,0.004017508362291992
ck_8285bd3c90af94f6,0.0013058280236706555
ck_985c9ca112000e9a,0.008270382739925912
ck_e679fbf4f4f4aa07,0.00083341625270849
ck_016e8c8eaf9d511b,0.013341039111817735
ck_bc996c523944644b,0.018927280603590876
ck_5b8315726f6204e0,0.0035055889905602116
ck_78181f8e998e442f,0.00017459358018893668
ck_71c68dfd011dbbbe,0.7341714367868225
ck_db32c95ce2b6f502,0.9431143694044828
ck_755010362a9b1bc4,0.0004281703408880717
ck_114141d85256c9ff,0.00028556173438956575
ck_9d1a5cf5a3b87e48,0.006633884284930999
ck_ab640420858ab5c4,0.03308186735654776
ck_97a8dac48dd62488,0.0951299363870263
ck_879cc3166fe1bada,0.0003228633065147742
ck_b0ed11080076e381,0.0007850103767660317
ck_7334a9ec656263b2,0.0037026109296752216
ck_6494f0ef13ce44d9,0.0013756485748368465
ck_724e459b9ece38f4,0.016053650443078854
ck_7fd8b1470401695f,0.5188285362338311
ck_292f81186358b0fa,0.0013977211304390274
ck_fa7de64d37287615,0.019888866252701948
ck_d00e09e66ed6458b,0.04256825623502213
ck_b8d210e741be186e,0.000604192607983462
ck_3db59982cbae4410,0.008067639845320709
ck_69887d0a9aaca6df,0.0004322873606244862
ck_4feb21e2fb0b3977,0.00038301451373514887
ck_08c6cc1e143475e3,0.0010074207110455106
ck_fe6e168cdbb46b9a,0.011516267834412971
ck_07f1734be7fac56a,0.008869267253680082
ck_d66d59981307db93,0.005523058809188492
ck_f928dba0d587d7c1,0.0004205665326804704
ck_786448fe3004cbd0,9.274368104080421e-05
ck_29ea329fa40ace62,0.003805646456744497
ck_7ea52b6f27edcb73,0.003511857692410807
ck_18bc51bbf3ef198e,0.004600934005180926
ck_44950df09ff14ded,0.0001663057687173323
ck_c1466b52c0a10b93,0.0018949494980154274
ck_6cdac067cc4db5c5,0.012889022422108126
ck_53f55c6e8cf2d432,0.000590952600511651
ck_95945f48453ca532,0.009086682143581421
ck_87cce4126e215153,0.0007141122835434021
ck_1ecd5516c92caa4f,0.00013925658872195157
ck_819b482bca14c068,0.2086862740906238
ck_a61a879dd46fc9f2,0.0034393142517372215
ck_af70aa32c009c3c9,0.004417170647219306
ck_f4fe78e249092ab1,0.004214633152711996
ck_12c46bc52bf45b36,0.0030884111696446084
ck_f05f5e4b40afa52f,0.07714589634257872
ck_0f8cb09d3f4fc980,0.15677594059517147
ck_80a64a7f0275a71d,0.0009733926478655125
ck_683af7b1540a0b22,0.006075019628772867
ck_51fe0b613c076cbe,0.0006963237704876449
ck_da1a2450219dcf19,0.006626735879359811
ck_2a7eba01ceba6c2c,0.043447732200384566
ck_4e329e29dfa743ea,0.1398341218902559
ck_0274d881d6db82c8,0.0015874173864015822
ck_0af5b7d128035b35,0.004924999041784869
ck_ae0a7be6b0a0ea68,0.0036045599084820173
ck_de5bb7a4d091386d,0.09006808933814384
ck_2bb7c17168a9d17d,0.00407862074643198
ck_0ffdff7b2f5fdfe4,0.0031550970394479626
ck_718a8390b3d42d7d,0.00047754124807536234
ck_7c4f12d70f184533,0.0005108758635860112
ck_d3e2c26b8adff099,0.0018970762330320036
ck_ac9d3d9754104cf0,0.00017304308917290913
ck_3b1766a1d51f8f0e,0.21377396525649633
ck_a9bf75bea912027b,0.006260740174538456
ck_687eab3ffe1f8cfa,0.009598584568616557
ck_25dd0b02af5b2f37,0.005647607017822276
ck_1747fcc466f0ae38,0.0001351366812817802
ck_f6e9d14dfb6f3c28,0.004233815998361123
ck_c6a7bbd0adc4d5f3,0.012660216348697989
ck_46656a23f4456d22,0.3659749195112047
ck_7519260415c2998e,0.0026178726244752157
ck_754f30ea19df857c,0.05118348463003623
ck_ba88a244d5f7380f,0.009629780261807294
ck_f268416945316815,0.0008694897612459793
ck_21860dd2159dff28,0.0009791425193839507
ck_7a86ef4e2beaec38,0.0012828706507432986
ck_0414507baeea936a,0.03454717284718778
ck_60796eb60fc3043e,0.0035148118834762974
ck_1e0841ed17fe0562,0.003338017377543351
ck_0d641d32658d6e0f,0.0003706248794829083
ck_b36086ae6d87eec1,0.0027341801281700064
ck_962e65ab33b5c311,0.9722648872791162
ck_b046a42684468e63,0.0009907374315379339
ck_ab3426435b0017d6,0.00792744878359287
ck_fcfe06e44d09a344,0.011034056268100953
ck_0f6d916c92189516,0.0028312347869039528
ck_d4c8f0d957c3965d,0.0037019111569314036
ck_2ca83dbd728af019,0.0005958535549019889
ck_2857a4ce9f72fbfa,0.0014687088549862157
ck_a60e6edc48e3d0ac,0.2885800432019789
ck_0cbd3b27063d4415,0.016530595630605435
ck_612089ec90c37219,0.00140836150262385
ck_ec4e597f17f473c6,0.0014126430855800234
ck_1c93cc58f314bf71,0.010968499155922162
ck_2b359a979520276e,0.0027315503168719294
ck_1496568ddc3b2d56,0.010802579380404673
ck_41d91dc9f5063566,0.00476578874407403
ck_4c5ff58afe3d7a67,0.0004577934048078782
ck_81709736281fa3eb,0.0005727861041054221
ck_d89abbab3d4957aa,0.0007177838600430747
ck_52453401f88935da,0.0030870665444047364
ck_a477654d34783e06,0.0002576596801651798
ck_72dd0dbdf808cb00,0.010043178264760384
ck_c183dff3781746cb,0.05256164633460954
ck_c8b7f241810b45e5,0.00032276549092936463
ck_f88028c3f306bc70,0.007216777494436232
ck_91d48d69e4f5d9c2,0.0006562586870165412
ck_b74b9ba6d7c9aab7,0.13041544505632804
ck_03e904682dc73bba,0.0012258601141206785
ck_fc6fed6ea96a004a,0.0010307327826051857
ck_51efdd240e34c642,0.0029193550479486704
ck_e78ab4ff52b5fd2d,0.0008785245598168398
ck_4af7b97c24d89a45,0.002707570728936305
ck_295c0072eca7f7a2,0.001843512881553164
ck_8abd1a50a9227463,0.0009226789117705863
ck_ecaa6f13304e3dc5,0.0003393027820500026
ck_de436e7b319be1fa,0.9990103233867715
ck_c802cf8f61466027,0.0005328686908140236
ck_3d83e0a3c1cfbf8b,0.001746314745008558
ck_28d2003c2d16e4b6,0.0004197352506891023
ck_8ddaf745bbb9cd62,0.00036393434477914697
ck_493b6256091014cd,0.026795660884949835
ck_a2245822cfea997d,0.0009141621642362331
ck_f7305b3c64cf8a03,0.09282067177879282
ck_9937dad93a0ed3c1,0.0019294119699171444
ck_d654449f9231ad76,0.00079379332327201
ck_850e2b59bc535490,0.008329791538974372
ck_e55e5bdfc0242aef,0.004623138871114151
ck_d35c51e981b98c5c,0.0013499640769392988
ck_27cdf9c5e6f0915b,0.0017363094322534144
ck_d328db1e1052d820,0.006182270248601441
ck_0ea30eff5f361cba,0.00028737351203579874
ck_9994323f97109f4b,0.9947192766153524
ck_09054e97bdf9624e,0.00028470008961521145
ck_723b4afc388113c8,0.0020630403896462327
ck_588f6e6a6a6d93e8,0.006855337271409931
ck_e1d563fab4d6116a,0.0014699744206525154
ck_53aca610e20598bc,0.0017040533579858004
ck_c8131ddc7ed33448,0.0006909343253744495
ck_899f88464305824a,0.02519850632687656
ck_1c17c65804f8889e,0.0011659496056193926
ck_45a16ce12893cf9b,0.002548527048969006
ck_f9d481aa4f9b2808,0.5212341441107458
ck_1d5d74169cf892ef,0.10384603598669209
ck_aba32acb61c1aaca,0.06005501102531871
ck_ec4dd3675a8d28cc,0.0028315870047928757
ck_5dcd443fe0bbdeac,0.0002935657758445403
ck_3a47e3f54475e854,7.944005367529599e-05
ck_a9aa5c344c315532,0.003515746600959047
ck_9652283c9f61fcec,0.00033857151398380806
ck_752dd3d2487f78ea,0.001018088103946164
ck_a821980ac4db9943,0.18128546222662945
ck_93e0d6befb67f7a1,0.007876710426797289
ck_e7a3881c3e36bd51,0.14336878990082286
ck_12631b78f8a03df2,0.0007724290534729445
ck_57b8226610b48854,0.0019123490284908419
ck_352657008983fd4b,0.010173404662253796
ck_0841a5c24fd3dd28,0.00133283388095368
ck_db9b9d5d30f74070,0.013165365097086242
ck_a9dded7f6294e44f,0.01808391232002229
ck_91a16336ce3217dc,0.0021303261671535116
ck_371bd9388b287677,0.0002832690721019647
ck_f285e5e1912a7c62,0.00041684357334163954
ck_368b65fca69fc415,0.017436246819440365
ck_d27a73596b6500c2,0.0016788626327579716
ck_2d963f9b2c4d11e1,0.0027484346217856847
ck_7c500e219af39486,0.001091400575772351
ck_7d025dea5951cba7,0.0036947749138271113
ck_32f632706608859e,0.0021238678325619436
ck_53816231f3ffb48d,0.0009259980332300249
ck_9dbe184e81c1ca8d,0.03127052617445772
ck_d74123617f22a21e,0.0008594637247683607
ck_275386782b1606f8,8.95547226648712e-05
ck_0b0e79d33e50cba5,0.0006323152388661513
ck_ba93cb604f792915,0.006380023357454696
ck_a86cd653472eccbc,0.0031499763508229853
ck_87771861e0447210,0.09144138851831662
ck_212380e0371d8a6d,0.003464387356933216
ck_ef0d702d7b0ed745,0.0008502760111913453
ck_2b8f33e22f939372,0.8825219120014995
ck_480347ad92037105,0.0017668423763670974
ck_20124c3a16c53ce4,0.0007617405235590586
ck_c9e1e3229baae708,0.0057622271498133
ck_b1befe967f7a5ebf,0.008993862908859958
ck_4672167d7c989bbf,0.1301794936569918
ck_f0c44ee5e3a42e3d,0.004071133038068415
ck_c416357d20238a4e,0.0010916570297952364
ck_d0f470f8078c91df,0.0017394574442200837
ck_3a70b4ee59084715,0.0019564132140800906
ck_179ed66cdfc1ce27,0.001447801994784026
ck_387e5a7f163c7837,0.003251056479326881
ck_08fb463e69f647c8,0.9981028364220672
ck_732f725747393ec8,0.006692601773985719
ck_7cc5e0fa3ca5a713,0.00017441151705493464
ck_ad4a4daa826ac68b,0.058320528996612275
ck_472e0be7a3b533bb,0.006426579146927331
ck_7190177963eafdd9,0.0018363775941647468
ck_647ac26c5900f082,0.000952196196197031
ck_272ae2179bbd8e58,0.0012825916201761073
ck_09b0d8af304646bd,0.0002551899494213911
ck_ca0cc8ea9f344408,0.00047565398861649323
ck_332ad134fb909869,0.0032962294548866894
ck_fca2798914627dc8,0.027227683859315694
ck_4450b55f462ae134,0.0008484000538714929
ck_d67d9dfb60b286b9,0.0001665048962242895
ck_a9d2bb4f2bde7052,0.00048749108109539646
ck_929bcae878a3ecb3,0.24636256947828514
ck_59a9e000fa275e1f,0.006266117836875588
ck_57f17254e2688637,0.005403577710945315
ck_0508908697f60ce3,0.013528332368446108
ck_946afc2943298d26,0.00024643672621983665
ck_7176d12b18f2cc0e,0.0010975160541983459
ck_5c47b49c26cce286,0.0027690918590993698
ck_b6a2bdb2d335e1d0,0.9990938546641557
ck_1d58f6caaa4d012c,0.005567392219310739
ck_71c917295020ccc7,0.0012269345842945442
ck_bc89644ae3688995,0.004131349228761993
ck_e7c212f16d6df272,0.00211737522707712
ck_c6d2e11a368184e6,0.00036957256422157466
ck_eed7f1f7548df15b,0.000768089481780629
ck_75b69034000ca7bb,0.0023998573767675187
ck_38da3bf629458682,0.0008171555596137213
ck_90114c891239d821,8.993473635538797e-05
ck_8ee08f6777cc155b,0.010725291893341754
ck_bd86132499defcd0,0.0020130096714864603
ck_b95fbf2b5640aa82,0.003808721267928061
ck_c530235393360e3b,0.001720596920911145
ck_be52a7ec43241ba4,0.01283810878888963
ck_d96eb3cc55f2772f,0.005112381688803971
ck_dd34f0a844fb115d,0.05425934882895839
ck_17cc7b411f448e66,0.010283508777893142
ck_856ea65fa27d06dd,0.015422732443110782
ck_056d5f0301c30902,0.017026411716792485
ck_e662b14b2bab23a2,0.020872210766151974
ck_209f574c8d92274e,0.003488677841126797
ck_62720b81617896cc,0.00498152898748731
ck_041614694b77e599,0.001107659918312422
ck_461e3f7b97db8d16,0.003701298666476261
ck_1b74b798eebeabdc,0.0012026528501198417
ck_0ed2739384f1d644,0.0005129777431185991
ck_5a4d19f1b83feeb8,0.0029933714269880624
ck_463937167965a1f8,0.003848440921011684
ck_9d7151dbdf100e0e,0.0031216002385781164
ck_20a7d1ce6cc27312,0.000339815288260168
ck_6031211ff118cf0f,0.0007594592133811749
ck_a6fc92aa91e99b77,0.9454485681592187
ck_0aaaa9d2f75a0518,0.0022819566476616274
ck_ec26e327cc1848b2,0.0002672072698484896
ck_0e6bebf8ae9b9b03,0.008485060857594881
ck_e107537a4cb738f4,0.0006034285360496251
ck_e8ea56e122a5a487,0.028127902628848667
ck_98149ed45d38c4d3,0.0070432600745556784
ck_0e719b3a6906b8f1,0.00022915392763354716
ck_0c6e7bd357e4a348,0.0014682807495786997
ck_d3b2b250da61db19,0.9544498909120492
ck_8bb6b0a292754576,0.11260477760600295
ck_87d70f5fe48a6128,0.007240271874722751
ck_ea9edf9c107d429f,0.0010405965223601941
ck_059806c52cebe4f1,0.08412576729620773
ck_a72d6df666e1c21c,0.000797738440972051
ck_1d2b80ab6c4944b9,0.0017642099897649311
ck_60557f077abc42ca,0.17639365862062145
ck_e5f5cb7dd6ce4a37,0.0013594194565994026
ck_4c4a939154446053,0.0005270595335626298
ck_50ede3eb561a202c,0.0012296135960988286
ck_6d03a542922b2ae8,0.0017039310942328658
ck_d6fe761ed0db3270,0.0026103569368231654
ck_7f0cd6ea3096f985,0.0007037139779562646
ck_23edb6d938a3b87b,0.0007512793315964038
ck_799aaf9f2b9ef621,0.0008289695427463462
ck_f8f6a03613b6dda8,0.000507959340932231
ck_7cffb189f4f514ec,0.9869566807178256
ck_c081e1967dcd811f,0.004237886426351834
ck_583d6ca78c97d91e,0.48969153094427326
ck_9332bbc7125219a7,0.000738258889092879
ck_956b5af6d7d86c65,0.8509795079572876
ck_2d634e3f24681c0f,0.0045473154391252775
ck_7b35d218ed0c5a60,0.0035005661697157437
ck_ca5b1057f8248f73,0.0012384101630943996
ck_ec5ea81cf813597c,0.007478455430463059
ck_eaebaf4d28400fb8,0.0032238345173111705
ck_ae2ab6be219219aa,0.0005382963859754913
ck_d99a8b4c820eb46b,0.0009255989363109036
ck_bcfb7ffb7cd428bd,0.0016559567716882431
ck_3dd542c2d31be2c0,0.000742081178502929
ck_c7dd84401e29a7fc,0.00017636291216731632
ck_c4bcc7cefd40f8e2,0.0002471740641802124
ck_c251898b5d51e3b0,0.009513802821396742
ck_36d37be780c1291c,0.000722871025736074
ck_99b4f266b61ae7ee,0.006406645428950371
ck_c37f03995f0f0169,0.00016169652087911801
ck_65a23ac8e44eb901,0.0030295217282446272
ck_644b1c1149eea9e0,0.003433306345334932
ck_9cf44eb0237c2429,0.0012179481662314806
ck_20541686a94fb71c,0.014935900465228314
ck_c18245be844680f3,0.0013669787422464178
ck_56de216eda6b7fa6,0.0005113512947203264
ck_406c4442dee45cd1,0.0003016652395785383
ck_df1585c7d72a96e0,0.00023409392294026162
ck_b8e8dba20676d87b,0.0022806206525692093
ck_0ee6965e68efc177,0.005564653400408392
ck_c2a5c54ad8d0d297,0.016264996096302223
ck_bf6fb7e6470e95cb,0.00014038074074254912
ck_27fa694569140345,0.00011392052727882964
ck_e04166b0ce66393a,0.0013352614638262456
ck_8742114f4f0cb22c,0.015306676976346646
ck_6eceeafd56b42576,0.05810332999641431
ck_34f9951b0eca1965,0.0019068099629805037
ck_384ccecd342a24ad,0.00014973233371716997
ck_49c98bebd1338879,0.0003661422864783319
ck_6c26c12071c91ff6,0.00023463162864872982
ck_01e5986ebb9a78f1,0.0195151702394648
ck_121db7ba3be29ee8,0.007118625912083201
ck_039e6d5a330cea1a,0.016429456459662577
ck_ae8c9163cf957d7e,0.00806255425913558
ck_3f5e8f3f1df0c8c7,0.023612431050925198
ck_b1c51fdafcd80122,0.0026138527915191643
ck_12e2b5ebfe8986b2,0.002524755840923888
ck_d55eb81a4d543c59,0.0011374675255071702
ck_f85155ca5c312c7b,0.0035305743562495714
ck_133d8a1ac7c0e301,0.996897092862029
ck_04212a9bb9b28696,0.9987250221583487
ck_4cc11c7d3ca61f73,0.0005273354622590015
ck_2df4854186ec515b,0.002209600168369598
ck_aa9b28e7fc43af79,0.6274676772973493
ck_47cad6c3def4c9e4,0.00022307142239013167
ck_fbff7b5da8111567,0.0016181045867513179
ck_bd25ea782e375b22,0.006873412222150171
ck_7989376f8cf64a9d,0.0007234459933978157
ck_675c0ca1ebb1051c,0.0009563128954826936
ck_1436f6e11d4008f9,0.002847933690279145
ck_812cb3a4482cc618,0.0022565738836726047
ck_6e606f73a1094afd,0.000950831250759855
ck_1b708e2a4a0584dd,0.0017161127420860659
ck_a60d6b324bae0330,0.010853376072984073
ck_706a4f673a9fda3b,0.4952803247588455
ck_a75ece9a9044eed0,0.0011131938255538746
ck_9aa45c4e03c8c57a,0.007850683929748288
ck_9fe9bdce982b312c,0.00320698548565099
ck_c6fbdc5ba68a8466,0.004038303010592789
ck_ed0cc1b1c28f9511,0.03348612384864194
ck_a4e2607b4c8021e8,0.0001600456086197581
ck_e02f93f51cc8caf3,0.0017144501894691448
ck_7084ed3cf20781b7,0.031104651541373048
ck_cd4c63155570d6ea,0.0006987256574916397
ck_d1b9e5d32d2d789f,0.0003185837213937369
ck_68f56f6560a7a933,0.0008404686041040508
ck_8bedacc6233c6269,0.006093359781141201
ck_ab7cb50407d6b13e,0.009309673863968543
ck_f17ed7e0fd687742,0.09448689841036051
ck_b0fe4b92fc70f72c,0.0018911544846633324
ck_84d62b8196da2452,0.002027741810374991
ck_9e298cae167f4693,0.0005317720846230875
ck_405b20ef9ad0ba5f,0.6470895212219897
ck_813e02e1ababd177,0.006138577975285181
ck_f234ab47061ba7c0,8.36873808745633e-05
ck_22b587c18363899a,0.0006368694970759602
ck_4e862c2f48c38aeb,0.002765919718911799
ck_b89cb90a420c9075,0.0008330462455763539
ck_be2251640f27a3c9,0.10365577368416304
ck_46bec0bff167ed3f,0.0071309892988437856
ck_c0032232c2868328,0.001037616605703501
ck_030cf09525dba4ba,0.00027177142128056954
ck_6ecf56236789fc09,0.9825386413938726
ck_38d4ed52cbe6d123,0.010042058953783486
ck_2d923d957ffd4d53,0.002212599894610836
ck_3af1eb88728ed8c7,0.010102951269994784
ck_2f8120ca80a1592c,0.002998764089540292
ck_6cabb1a133f0b151,0.0044787969196774255
ck_bb6cf7e7b707731d,0.9268596267079597
ck_c8307fecafa90140,0.0020594714238580236
ck_75f968be67f46d24,0.0018775873664114992
ck_df6fe4ec5a233213,0.0013394617157402122
ck_b53e88c0e927d896,0.00018328643017139276
ck_f0093064aa28f4d0,0.0022696216164530517
ck_ec9976cabc63ff92,0.0011896299970465857
ck_30dac0a58c5590cb,0.20462391966092663
ck_348a525791ae6475,0.006894838322192706
ck_b898d912d1181ef9,0.006552449259198287
ck_f5b1200dc6f95760,0.006459351594444698
ck_54978a073e7a0b1a,0.0006434579203512639
ck_55933936536a4071,0.00132748692159768
ck_d6ba7ffd2ae08863,0.004976484422366581
ck_404e2217fd87fdd2,0.0003490929162961149
ck_dfaafdaefa5716b6,0.014273131387121774
ck_556c62e92d4e7e5b,0.036965681139221475
ck_7ce44f4e06d58111,0.43414924432194657
ck_465cb8ce232c7670,0.0008578092198645192
ck_237508ca4fb37268,0.0320394729703825
ck_ba4a6b9aa63964ef,0.005257771848857178
ck_4802a0a7a1882c88,0.26304498487840966
ck_9478dfe4114c30f6,0.0031326246313091973
ck_5138f6c575dec64c,0.006098594732017736
ck_aebb42afe430e2e9,0.0003502267747274256
ck_004efa95555437e9,0.0009012881804212283
ck_11af112667c98394,0.0013450700659589292
ck_44e9a18a8645c9d3,0.00026356695272062664
ck_2605fd571219e28d,0.00012089259839571564
ck_dfc933493561d84f,0.0011185439771952703
ck_67674348e68d1f25,0.01721803193053355
ck_dd97429277a2fa00,0.03965229598574115
ck_d3eab7a06eb48348,0.021544776985648217
ck_0b9fcff9667ec05a,0.0015887789582034646
ck_fc4bfd6e739bddea,0.0005575037518510366
ck_43292f70a03ddf2b,0.002242829920376089
ck_5ff6108056a3fef5,0.00032638704601931925
ck_767e0be086b5f601,0.010356052089452845
ck_b8465b1a5666155b,0.029772434591458476
ck_ab2e3fc56f5b3aae,0.030464442469531616
ck_1833c81d693c1e07,0.7431808720189594
ck_0308e0602b856445,0.00043072755565107566
ck_ccbdfe744acff8bb,0.003768987845095512
ck_b294aa27a0b586d7,0.0007504660293582049
ck_a3747201f377626d,0.9683464538517549
ck_edde1d7d1db24725,0.013764384641296173
ck_ae3b47d6e1063704,0.0031495322120027396
ck_3aabf5e0f4defb41,0.0011516552140342505
ck_f034adb57391f3d7,0.0025086418322530692
ck_533672fb40531607,0.03076488301055142
ck_2a244f1ae08ef83c,0.0027129374635319553
ck_a35d81bcc54ece2f,0.0017901845931299536
ck_78a61215675b38f0,0.001646456507893952
ck_e013d88ea7939616,0.005928572569087425
ck_e5018f9418e0102e,0.005474225718224523
ck_d4e024fcda401a31,0.0011550600878385917
ck_f736cffbdb82db34,0.00022605751419187535
ck_1507f5aa50cdf3a0,0.007251840902933761
ck_18270fee7c8fcee8,0.00012602808956063412
ck_95ffa1a805a1c9d1,0.001205068594256317
ck_11132d245b94d045,0.0012167509720048962
ck_7b93a622e40d8b14,0.12098948022231201
ck_3854c08d17704347,0.016079816358829227
ck_7717fcb100dc4b5f,0.007584715981617753
ck_ba54e0a1c328119b,0.45403548379089037
ck_a7afdac4ecbf2de4,0.8914420522881807
ck_ecfb771ed2352085,0.006552478779465807
ck_68be4fefc85a6b64,0.34357964751667414
ck_dac7c50bd6d0148f,0.00044886023466130236
ck_87cf36a03bd63c24,0.10759865783626017
ck_8adb40b168b59d7c,0.006625688512584827
ck_8d2f62930777416b,0.006019767368519246
ck_9958b58da9e3c21c,0.0029807525460696614
ck_9440335375701f44,0.0018311478390390162
ck_e2f88e202b6f700a,0.004588794579288781
ck_4c7c50684827a2cf,0.0005337212925465724
ck_8a6ea4a79b1c7a8e,0.0009345251104474305
ck_186dbff4b24a3bbf,0.08300458494226347
ck_220fda3c11c59b6c,0.00995426268550843
ck_3acccc69f8b1fd14,0.009325314527021535
ck_9de191bf79afd676,0.00034912028073934265
ck_6de6b1663f9457f4,0.00013118203437457464
ck_062754f8b79b86e5,0.00018998151078089147
ck_aa153a89a52f7eb5,0.010984591238583238
ck_34a6bd3be642f15c,0.002216092387351022
ck_9371c700d9830326,0.0021849067819460703
ck_a99e0c258ad7576b,0.0004835343045956508
ck_0a7ba51d626e932a,0.009372156291136994
ck_852c50bbba1ead13,0.017418930230075652
ck_43dc13b6b6d31297,0.010767532935278335
ck_7d81b59d615a6649,0.001805744077018336
ck_39a3f1da060e88bf,0.0036257828868874902
ck_6fb2d142c09ed3ed,0.004178289885472794
ck_6e5752b87324b58c,0.0012618999501663396
ck_9441d48a12e8a4bf,0.10552658732032737
ck_09e9c51eb538b255,0.0006389027190747698
ck_8d0cd981ed3a183a,0.003867302803197958
ck_57c07c45269ca8c0,0.0013427089830629299
ck_ccfc9ab888ba933d,0.001366762575348331
ck_9658a6ef471053f0,0.000602148708515435
ck_dac3852758f4ea89,0.00017685630679902664
ck_b1ed2278f5f14d82,0.004046192578643354
ck_333544d173524f70,0.05084182260576444
ck_fd4582e3853ef23f,0.0023470836619250627
ck_614d936cef98db04,0.0004979365218679249
ck_6bc351a3d57aac54,0.010223199687428899
ck_af5842fa7202ff25,0.001286517883877561
ck_81307759252571be,0.003549294508240102
ck_b4d2f02d2cd45720,0.2024808516883045
ck_1bd753a4681946c8,0.9926626448117514
ck_46d8c029d46867b2,0.0008827411519656426
ck_b7da6640fa2f49cf,0.03362580251452722
ck_9ea3d5a5a91fef9f,0.09969927510396864
ck_7b922518f667f76a,0.00032767704361402034
ck_2a5b31594206eb30,0.6101170825846487
ck_d9506476ad3f9e08,0.0014328148887041057
ck_c8791f7ebd4d93c7,0.003975299653016472
ck_b5a3e20fd210017d,0.0012102131248281072
ck_8e54386f4fe22cad,0.008792663148138487
ck_75296704f5806f56,0.0064651390464582955
ck_0fbbc7a6af300368,0.0007769115095404044
ck_d19bf4dc0627113d,0.0003987823798174975
ck_7951bd4eb99a0175,0.0009340149614832816
ck_059e4fac6b7f704e,0.000922402178042969
ck_2ce8931af02a2ce3,0.0012620705279717316
ck_9e665618a4860306,0.0003644601239113688
ck_6fce5a893613fd2c,0.00010143183391542686
ck_9e3fbd04e3532f32,0.1402006691478854
ck_55f2ef0de3420e3e,0.031506159240304504
ck_8d87658a6f5d204c,0.6723212243625368
ck_6d6ac1f5dd882aa5,0.00036491024641450244
ck_55d0c7012d7ef236,0.0090912284265309
ck_7738eb085e5753d6,0.002505178768376729
ck_0e6e05c3cc8c8242,0.01137081006134219
ck_8d27ff8383d48132,0.0008182666215161592
ck_9afc3bb849f3a64d,0.005130450816872471
ck_27eb86a9898cdfe3,0.0009497893686702103
ck_1d40e4fc541abe93,0.03600393430248243
ck_4fd9dc00e1913587,0.9957520848235837
ck_b26cdb2b7b165d2e,0.0072408716457984315
ck_a79a27767a02e31f,0.004957036187380104
ck_f0c18cb9f951a71e,0.006109131429502313
ck_50460e0189de6274,0.9770682219361758
ck_5e5280539257c986,0.0012562957796055118
ck_eeb854318b3a6f0a,0.0013021448724478515
ck_943f66f28dd24750,0.0002131982928373602
ck_984dd7452aee372d,0.018507102343190154
ck_ecaa6de0aca5e9a0,0.0045967970053761836
ck_8f1cbc432e2774f8,0.0058120521353051515
ck_d91d9f8445b9769a,0.608383725633396
ck_73c18e03e3c7612e,0.0001699320571315423
ck_aded05ada490da20,0.0013909266758920097
ck_f744e208183971f8,0.0002765130209932946
ck_02d4cef6358ad3b7,0.0013795389605473474
ck_08ff5bd467226a5f,5.3024381300321726e-05
ck_f824b326d5089885,0.02818618314716656
ck_3420f2fd520890f3,0.012557194382575014
ck_1838cf8d00f5b1e1,0.0015947935933992383
ck_a85182ad90b6f1e1,0.00024681318006942326
ck_fecb39c82c43e76d,0.0005217330980078882
ck_162513e73782929f,0.0034470831684931197
ck_2c27b77c59d8f23b,0.05273617158182488
ck_4221e07b17388fd3,0.006013249756771844
ck_adfb8472d5c3d669,0.008971531669772456
ck_0742fe64055d686f,0.0007508050758574742
ck_5060aefcc8b6f958,0.002514331921277457
ck_643f549b4ac78a26,0.26200893662229097
ck_dba767885bd6ad69,0.0005220332141611713
ck_0dda35c0c64c7073,0.9952426377579997
ck_38ea56d43afa5660,0.003987544211468216
ck_d813e15ac91f487c,0.014987910436331318
ck_4c840e5585a7b167,0.19155046314973168
ck_cb8551453a7bb929,0.0009744990193730883
ck_05a00b1dd5a03359,0.0013875138673939051
ck_837cc7fd48453a01,0.0013789717082715713
ck_49dd816b31fba6b6,0.8436256171229213
ck_86a61d9a39768e87,0.0049287858866999745
ck_cd0e76f0e7bb38cc,0.014015828376472023
ck_dbe58392635133ca,0.024587131988344557
ck_3caec7dd6f8d02c9,0.010207892852456915
ck_bfd9bfc5b6ab4a54,0.02141575268250537
ck_2103399bdb2898a6,0.0008695145234754286
ck_329f7de7279e74c5,0.0018465869967245038
ck_9bf0d28119fc42c8,0.007241765027893853
ck_f781539b1042dc83,0.00036649626309936365
ck_9986c7d781ac6b4e,0.0011449732541067956
ck_a627734880aca848,0.00044171163058405233
ck_2106e509d77fdb4a,0.8342569544224808
ck_420d1a9c604293ce,0.001011098431127836
ck_fce0610c527e2b56,0.02615986663472235
ck_073da541ec3f9d3d,0.006092991470898478
ck_aa5f3ab48c17fed8,0.05439718246300421
ck_0fc1086e1c9e04b6,0.0006319920482990818
ck_5c33bb46c1a5945b,0.025556616459715933
ck_500948a8d4bd8e13,0.013666017592551087
ck_19becd44f2c3d2b5,0.026921050225023224
ck_7d0fe77dd5ddb656,0.01117731582355356
ck_f158d9e5f101bb35,0.019257256654640755
ck_cdd7c77823c2257f,0.01711268289036801
ck_6c7b41374f9b2e55,0.0007848768981032437
ck_417090dbffb1a63c,0.00727734480516645
ck_dd0e17605f970319,0.0004917592861345006
ck_3646515079e6be55,0.0052029200095865084
ck_89c8b06aa8c84b2d,0.09223602863590954
ck_e4d6dedd97233c07,0.028343353304580012
ck_bc82fb1895fddde5,0.0009242159083166374
ck_88a8b1d442ca3686,0.022477749605772205
ck_5791f8f76a629a4f,0.07418523855654499
ck_9cf5e88e97c8c7ea,0.005571754022212496
ck_58fd684aa5a6f289,0.00013515708922573984
ck_9800c21dfbd8e811,0.0012515694082437783
ck_8ae64df60ab6ccda,0.006853990613396546
ck_e535fb0f0c00418d,0.02279114090125736
ck_48011996d54855ac,0.613937500977951
ck_ac79c72a8fe3fdef,0.011525779586238802
ck_b8cc2df5192bc49b,0.004736931496259586
ck_e96a5e1f08f8a867,0.001079250225550885
ck_84df6770549e43fa,0.0006536178854483871
ck_e5f7b99ba6ec5767,0.0030911192100061538
ck_8347455ab53ff620,0.0005527283321331629
ck_a84f2cdf695a71d6,0.0003672227702898879
ck_90456160115f9ef4,0.00031576055721181553
ck_ebd178b3f3a9c50c,0.0005066945549476741
ck_e1140be6157bacbe,0.0016471612258618328
ck_744ffc11d32b96bc,0.0028357213702212645
ck_e12a9f7d027e3387,0.0003618957917980821
ck_cbe525da0b69f18a,0.0012935486182014395
ck_aa59702537557ff1,0.003679230151285694
ck_0348cc6908f7f3af,0.0007317934801347389
ck_120e995d50956bee,0.06972129015709125
ck_9fcde1ff46cbbea5,0.00034761720372213106
ck_54b0b070689c50d6,0.0004452313280161161
ck_966a167758fddfd4,0.0026810261301617564
ck_d5194f2e92fd6427,0.0018890428372306028
ck_2ee84f3fa27f2cb8,0.0022949838406608504
ck_57d0a7eb7eae2eaf,0.0026028360955229523
ck_6a2c4edd82e10969,0.0004334067253320971
ck_96e4d38ef670eaff,0.0023061242628168916
ck_52cc2fd5095b169d,0.0015197058574959127
ck_4b088920f3a844c1,0.055198594508445144
ck_8f3ccbd20d59f1f4,0.0014758078281091884
ck_e5e5dc431bed6f9d,0.0023041964163750175
ck_e8b5bfa6838e28d1,0.0026476595785997975
ck_4bfeb78b47b7c6a1,0.027835954602373217
ck_a705c61bd679496f,0.0014772104140975291
ck_731869a0c39cb2fe,0.0021827108569456542
ck_259eb102342057ea,0.003365952455621358
ck_47a6005fabc33551,0.0009035282962048301
ck_682262b455a9edd4,0.00020977165693940474
ck_e839d104854945f0,0.0009260997976582588
ck_761989aa4c47d746,0.002995784285536898
ck_44211dc210139ed3,0.003446041324649293
ck_9915ceedf63a5289,0.009175297103079998
ck_da59ab47cb6284ad,0.0002877780924204785
ck_e5cdbfcca2456652,0.000715718387787503
ck_13f2560c6a1ec62f,0.005705863030865811
ck_a0543e9b3abe1001,0.07825109846131197
ck_11c7a58e09e6547b,0.03014200468082554
ck_69587a134d43a4ad,0.04930858112370099
ck_28dc0de0ae291f37,0.009179928846821925
ck_298922703c5bbe05,0.004698316913017943
ck_fa5ba9ed9ed6a343,0.028499336259904726
ck_c08e64d424e56c05,0.0033709306016702087
ck_598e036a28262aeb,0.0063752635210676915
ck_3f7c870510083a51,0.002888720560452474
ck_364f8203a3e98d36,0.8501825416710584
ck_7333cedb61506ead,0.00207259696860006
ck_1d96d7fd65f208b2,0.014181073312047009
ck_63133a79f23e2627,0.00767846150924458
ck_901d820e0b72abae,0.00032243128683648607
ck_5dd80b3c01457bd8,0.010308209841528764
ck_c0b8067c144ed6c1,0.0033102033026595912
ck_cebb8aa8c8f62c60,0.001100218835919399
ck_79749eca42ff1f5f,0.00744903466612592
ck_2cc1d9b587f6da31,0.028001956270368458
ck_ccc7916b56d42195,0.0008294933916810882
ck_e43e53cc7b8b8e41,0.002653595769298687
ck_4ab74a6e7450416c,0.0005475136772061428
ck_6e44024e9de301c6,0.00010076799148182392
ck_dd78cb6ae2866cc6,0.007450416043642165
ck_c363d3b050baf3b8,0.005455062451127905
ck_2d46291975f0dd08,0.00017213888812466668
ck_76ebeb5aee42f041,0.03930877470341386
ck_8395f004cf4d4c08,0.0002204233295396432
ck_de7259c3741db179,0.01038942489236011
ck_3938e92585df2b34,0.0026270846532809753
ck_af69bfcf4f07d932,0.0008441475359282786
ck_1723900ab9afe374,0.0665293094686869
ck_3d58628d1c853c8a,0.0005567933871021731
ck_12a074db100481cf,0.01614014546990549
ck_8716cbf892c50e29,0.0007368756316373772
ck_fbf7351958ad9615,0.0007662839397575569
ck_a50370907e6b397c,0.017757676254696108
ck_937402a60df0821c,0.00042865982083837445
ck_8ce9c5807acbef48,0.00044757848200672345
ck_acf7d65eaaa4c31c,0.0004565868555667363
ck_ec3eb6dd0967cac5,0.0034320271170857407
ck_fc832b0c90c9bdb9,0.9608422834423926
ck_8129e81cde280131,0.00023974125903972708
ck_52c0ef68aa2fb8cf,0.00139225703882725
ck_06f042e9b1b662fd,0.004945079356394455
ck_0bf35dcf7b38f650,0.0005703665790613154
ck_615763afc2e17a7f,0.00013010463535923758
ck_e72db9d4b2fc9997,0.9938808659671247
ck_13757bf0eeb353e2,0.001499595175522095
ck_abaf371ec8249c4a,0.045024841015731336
ck_9b7167da0920c37b,0.018538382171628478
ck_2e824b0b27494a17,0.03590406816518508
ck_9a0b605e9c3220c4,0.0032215341565584735
ck_a5276af466b681de,0.00060654265723641
ck_9e0383e1fb6e214d,0.0017685699336524195
ck_6a27c44b691dbfac,0.0003766502473358379
ck_af39767cf583905b,0.003362865612379294
ck_243b1b9fdd3f9a74,0.0004135955908604943
ck_c0422e638a9c6046,0.0059426660313607865
ck_e0f3ea3373dfc4aa,0.011845179194819703
ck_d56ee1654378ffc7,0.0014306622378673032
ck_20cd2f5666719baa,0.0009212471777719705
ck_4dfa1c1e9b69fcc8,0.001643381325813186
ck_5d22e9ca1d15180b,0.38173239037498635
ck_f4a7ac178fd55f0e,0.0008480010677829429
ck_fd5609bd23a1eaf8,0.00043172141959459885
ck_49c3bf13dc9471ce,0.007517417597950527
ck_724085c3452d4693,0.28729898530663506
ck_e5d1462846154a75,0.007910474084104559
ck_c69ef0f3e7d6acf9,0.05619366027789674
ck_a2d0417791d4132d,0.00500478013633601
ck_00a07fc2a9183c3a,0.0006719430327780887
ck_781b8288e54ba8f8,0.0568645905190848
ck_d74a62ab3804a81b,0.00042743186735468475
ck_abcbde211b6267f8,0.065068192923343
ck_16dbafc035574654,0.0013314409689317646
ck_018f780215ecaf38,0.010403865408175299
ck_0b259620eac51618,0.0006395303836055693
ck_4f875342394c110f,0.012767059711342416
ck_399e45e5fe9beaee,0.0010996310239432673
ck_36224a2d394ebfe4,0.02314500253073777
ck_c189b551bd111332,0.00026388122544033674
ck_125c5a720ecb177a,0.011085846919307491
ck_76d010aa02eb477a,0.00010227510457551671
ck_1071d14c46c92379,0.758840553660712
ck_61d244b2cde483af,0.002407670450004737
ck_2ff1860da2004c84,0.0006365356030516497
ck_c5b583490198672d,0.001196032909647503
ck_1294f7af22fade11,0.051605566983605355
ck_e3a22799716df39d,0.0005068989664649889
ck_c77e22834ef97005,0.42334727505679187
ck_73d3689728270a2b,0.00026694669253355264
ck_295565fbf77ef885,0.00044217272163235495
ck_80c0a7f54ff4895d,0.0016114055528989961
ck_f1ef5cf7f10b16c8,0.004377261869754327
ck_a958b2461ffc21a2,0.03468827999496361
ck_0e7899a57cd617d6,0.0005076610860976039
ck_9d4fed252718f58a,0.007673541511047927
ck_83c2c34add971d76,0.0003160901584560806
ck_9ccc030ba2de9fb2,0.003714435716573132
ck_cd691e3466fb3742,0.0026337715845741877
ck_49df70f908dfd069,0.10175295005609193
ck_362ce13eec1e33a0,0.0007175404130769045
ck_2452a30397dfc54c,0.010565997449675851
ck_a443d49c2b4863b0,0.0028168174622626055
ck_c8b2e2cb349dd0ff,0.0028474737526384152
ck_354909fecf5da8cf,0.0009252203511132372
ck_841f598bbd54c83f,0.0030300561726154854
ck_cd6fbd4e8724f994,0.0009394309796142617
ck_e0b3158111370118,0.006032690403207446
ck_4c2f2eb657c2c60e,0.0004171471427257646
ck_ef346071f0b7654b,0.0005597686459851142
ck_f3bc10e3decefce4,0.0006114567299462376
ck_189b6fbe9b9192e7,0.0015856917400526756
ck_5245cbc5ff4d4fa6,0.0010944981760053285
ck_cb42e3be6fe87f60,0.0031052624538773586
ck_966d4d713cbc7792,0.00037101272603590055
ck_1c8c969667cbaab2,0.8484814613410364
ck_d35e3aa9ef5d405e,0.08170356519800206
ck_a1c39df50a5873b3,0.008955479240366274
ck_a152165caf295b51,0.0022824300823864946
ck_891eaedae139828e,0.0006655388149922426
ck_1a46b56f4734d52e,0.001298048738755089
ck_5e36042cfad96c99,0.11539151562472993
ck_02a8582c2603e675,0.001164475249100545
ck_6def9d0429e4ed4b,0.026451074927579168
ck_e137400825a1e3e6,0.0014499154022445068
ck_d91ab840848a54fc,0.00036293066815187933
ck_becb6e1c608e0078,0.006801490288063401
ck_6fd8c86ac719d7eb,0.05248722085301194
ck_3ed4d13f12fd9d0e,0.016100610973258194
ck_007337aa99a4891e,0.00031136053827291566
ck_60c3d8306527a08d,0.0002013594726146661
ck_95458880a54df0b1,0.43829516005640606
ck_b48cd8593533fc1d,0.7337315421374698
ck_021c6a4a7e3f1f0e,0.00013273941076907955
ck_764d40f865e710af,0.0013327906449133846
ck_4b84357ae8ec7777,0.0023718685212874963
ck_3397c7856b4669a5,0.0005840508952879358
ck_920bb003b42e6310,0.00025787055703339787
ck_8f59f11b512d5b7c,0.011235113057646852
ck_a3acf4b986afa98b,0.017060708525021947
ck_e89d25ed7bdeeaea,0.0011611596290038333
ck_70e6bca473bf6902,0.00025247879043379263
ck_186161ce152836f5,0.00041954374000962165
ck_9191579254663f5d,0.0007207911193976615
ck_1e6628879e9d653c,0.0008438452200618099
ck_b498fa91a0776ff6,0.0033397169502909344
ck_cfc2384f22954830,0.010495510706884318
ck_17673a1c2867888a,0.00018238705529925975
ck_523dce06515b072d,0.0024343868328152145
ck_c20638a325ead2e4,0.000422383508809555
ck_d3877e1f907cc148,0.006958309089576456
ck_e9a2495dea8675e2,0.0018017105563788516
ck_7e561caa5fa1f3f1,0.005002356049919749
ck_455672e652fe1abc,0.8894389195076021
ck_7f8f864fcc90ca82,0.008609072005001921
ck_1ad36046aaeb816c,0.0010254966086876132
ck_de056e37c82e8e00,0.0017351674122490948
ck_7484c214c889fe7f,0.008570347484477703
ck_32430e678c4f9f53,0.00032527611192333854
ck_6276ece8f80ea799,0.005353677873366518
ck_ae8e5dc4b725bc25,0.0017770965908751309
ck_f01be92dc78a2dc7,0.001136319310775478
ck_233397a8bd40d38d,0.00039505261086195137
ck_f8124911450fdf31,0.8434658022097719
ck_aa0a3179f1111674,0.0008225733551579827
ck_2366b29ed9887a5e,0.0005652466076471427
ck_1f22f04dfc08cf27,0.00040979330594329407
ck_b62276c3426d680c,0.004187022617470127
ck_d099fca88691f66f,0.003812353069548364
ck_166bd1dcbaf4d6fa,0.0007324184237558152
ck_7b1660e942436e12,0.003097154378617865
ck_4a9a791a1d409a3d,0.0054955788841974116
ck_b003e5b54df65db4,0.002347445704475583
ck_64b4dcbf436f0b75,0.0014035247944325952
ck_26e9a7bb2061a58e,0.011294566518737769
ck_08b77ad5f8f73007,0.0011376712289856595
ck_366616a725afc6bd,0.007613278440632174
ck_934fb5064b6eefe2,0.0002877845432383455
ck_c6abd5d57b1009d2,0.0005707771973831737
ck_edcfa9e1cf29d813,0.012631004675674977
ck_c30201ebd003fdc7,0.0009227034511385138
ck_c54643d94d3ce355,0.08256289080772113
ck_02adda6e91e49650,0.005581138749631486
ck_5b73d7c5255e58a3,0.07906071585478786
ck_129ffae92dc01408,8.722363682860327e-05
ck_fa321945ebedb916,0.04106775405458051
ck_8da980cb2e1e2bfb,0.00292774267497178
ck_0576b00d728bdf19,0.01412790106656883
ck_c543d82e22b3c8a5,0.0008635646754353293
ck_0027ba644f9ae2cd,0.37559668304076343
ck_8dbf61df902a6bbc,0.0005356570084899994
ck_90eeca1cda79fd41,0.0005511074711747535
ck_86d7127391d4e01f,0.0001836034323129097
ck_73762038c7ff2f6f,0.0001612633822552912
ck_a1484e6215fac651,0.7214545522297002
ck_cb83b9f806e90dc6,0.10119308806909587
ck_8c6f059c95872126,0.00038147444085385047
ck_3174419a81e7caf2,0.0005833407776939535
ck_6a0f8f8fa4a3c2bc,0.002715869546055943
ck_b5777605668bfca1,0.0005169349988440151
ck_27e4de495abb4d15,0.0004712331056548247
ck_7f6fa79c7a107161,0.003083611316769751
ck_c36ed9f8e6792ea4,0.003691107348081531
ck_67a1aa88d2ea554a,0.03013897319054922
ck_09748dfe4df3d540,0.00021889908871881118
ck_27fd85b1e38b675a,0.0002697461628128635
ck_2369689bd795ee10,0.0008999566616163719
ck_4eb1c12f7d092bac,0.000137193480564367
ck_01fbafc42c8e33f5,0.0013957962660115107
ck_93c4e05699b3b7d0,0.0005907531593936011
ck_afc484d1b6907983,0.00015054015666497955
ck_1b2d9cae92a1aab1,0.020992351462496343
ck_73b729cb161487f2,0.0038108698598056465
ck_fe3c1d0ac090d960,0.22718560586765899
ck_408efac1d3885ff8,0.06927437457920402
ck_ccb4dd9d0a48a76e,0.0003623459188658526
ck_2987eab34ca7805d,0.0037561903956841516
ck_1dbf1f15193197db,0.03300179730987237
ck_4ed711fe4053e74d,0.05506810174704329
ck_6c54adce174f45f4,0.006095278283634059
ck_a6c740041faf0bd5,0.00025946456922872464
ck_b05c4d33c4f43639,0.00867868238579118
ck_032880f1114dd51c,0.00327041868549439
ck_22311b037456a76e,0.00023684481160634734
ck_5866b413549765bf,0.0013913159957992197
ck_0e808afe2570ecac,0.0018855234578901714
ck_634276b05f4381f8,0.001026670089354577
ck_5d8773badd0d4740,0.0018266950278884998
ck_82b5b79ce3517102,0.9557441957908037
ck_b378b8d8100ee4b1,0.013047736673173571
ck_54e581f71be5430d,0.00016178231580464127
ck_798ba4b8aa544fea,0.0003644076820410284
ck_3fe86b6331ff95e3,0.14227893216363108
ck_81275d9d4c559e6f,0.0011752996223573465
ck_99a4e5ef02d89493,0.0077530926903579996
ck_54e2eb018d947790,0.006649712874276402
ck_966901ea9c77cc02,0.0005651907642052347
ck_27d69ff4e0cb428c,0.008080718797940117
ck_2cee2dd7bbfc09a0,0.8449050572580846
ck_4136b00924695ab4,9.162604408815205e-05
ck_59a164c40c03a45f,0.014020945512201724
ck_3e24b026bc66789b,0.0005487208691404189
ck_8105bcf69a75ee47,0.0007270553443587888
ck_7a1782cefe26a456,0.0083880176372173
ck_970c7dc195161272,0.00027828160663245414
ck_a48ec0c00ae20e82,0.0014883918343099665
ck_54b374ade34e1dc1,0.0007038200662871125
ck_74e5dec189761d14,0.0006963512670590315
ck_4717f24f2c6f40e1,0.03636693917192156
ck_fc8cd8a8209e802d,0.0006017365002591046
ck_71db4131d7efe218,0.0006442101658048629
ck_45424ea6f0bc4650,0.19918690847371306
ck_3716c6181a5035bc,0.014861082821783734
ck_26de14b96bdad4f6,0.0009522049360974204
ck_99c0a41ac9c73857,0.00041586161254031866
ck_645f15bbbcff3b4f,0.9970450880991374
ck_b7e25ddd41514d4c,0.0002499784031779783
ck_d5c14e877ca7b755,0.00018737181148291638
ck_05ea4440dac6cfad,0.018383018101737557
ck_c58bafff7b1955cc,0.010127823695318209
ck_f0cf85b67a9b840f,0.0038079018727769356
ck_ce1500a7f0d03fba,0.0018272131458541925
ck_d4972a775aadbbc8,0.004016885091967337
ck_3eb6146c262e0fc3,0.0011323960869393031
ck_afb23858a4ef42ed,0.9960783742919074
ck_2c1def5c91c52a5b,0.06820712479890678
ck_72e550559487b919,0.0009280021305468169
ck_0284dc2b4f856b3a,0.3387726811814527
ck_03be334935e999a2,0.000503205006636103
ck_e35a4b4a3cb4cedf,0.0009196516537929006
ck_5abe57dfff4b735c,0.0024440930726600946
ck_f5f87f772388efa0,0.003235135744399598
ck_5a22cb36d612236e,0.0008138004747207351
ck_8ff1e6028e764472,0.9683253680512153
ck_2ab28149b0986642,0.0018612271948433969
ck_c88fc1bac79fa6d3,0.02557412248069269
ck_5b137d74bba6b1b4,8.451263195390558e-05
ck_11f362dca2dfaf5a,0.003129744947872172
ck_7f960541e5174565,0.0013946759123577646
ck_d5458ba39ae94498,0.0022193076135906594
ck_0a921a73a90c2e39,0.013045537414294343
ck_6ad56ef40086dbe4,0.0003218577077653119
ck_b68199ecccf2350c,8.025816405233857e-05
ck_6dac66c8198c07d8,0.0041285908545711835
ck_9b9ce7bebc235fe8,0.00037958946342448916
ck_6b817117d87063a8,0.0021005626762895372
ck_900d62b3184378c7,0.00032919223618388085
ck_eafe9b89857149b5,0.0010213197024004977
ck_e74716a525ee5b24,0.0001883907110132395
ck_4e9a6f06ab134102,0.0024875021594382312
ck_b0d33b5a3716661d,0.0003574647153590401
ck_8703543bf3134306,0.0010077612996555127
ck_923d6a0f83accef1,0.008850403168281845
ck_52e37e2170532e2a,0.3255428965024792
ck_c1c5ea839c58958a,0.004390889056403169
ck_660f0006780e87e7,0.002682492477767553
ck_830b2c5d1818ac07,0.01844025943006268
ck_b080ff636932d1f1,0.00017960158033363286
ck_38730aace405f2ae,0.9989624745608053
ck_9790138467a06223,0.00020106253819673764
ck_10de0b0d86b17839,0.0010776798634003577
ck_c3e37a4d3382c32e,0.00010696099279961199
ck_dd8edfefa1eba531,0.00023986874394541847
ck_8153cdadd300d234,0.00035446903021237047
ck_74d0e7c2c6b63d36,0.9084492860770697
ck_c478aae3031bb328,0.00038010861883922074
ck_cf301f2194975866,0.00042950479998830427
ck_f4de03f44e3a5bd5,0.002541724092842945
ck_b06ce826e593b210,0.02823034882766493
ck_2fc70b6baf6a0e26,0.0002953494794843868
ck_d208494cf5c90047,0.019126434439942813
ck_086d29ccae565e5d,0.0015301096323747426
ck_d5ef6dc116dee408,0.007705257761849799
ck_fdf0c5b722d83464,0.01097532793783895
ck_de8494b13adeffb5,0.0013079675721221966
ck_556786868599143b,0.0021388642753899993
ck_4940e78cbdcfecf3,0.005894115763487647
ck_d32fbbfe32c00416,0.00536626750478598
ck_bc7710f7e9fae649,0.0005000315760361935
ck_416f7ac57da081a3,0.003217992179748313
ck_6fb39b60c67d5475,0.0002436589650635491
ck_e40a156511345d6a,0.00026682781701324723
ck_49ab879b5aa7fccd,0.034242988548464436
ck_bb643194d1cbc47c,0.9987647704287096
ck_b3ce8f1bcedfa043,0.00318867763200254
ck_558ebde8c29132a4,0.0026539190802087357
ck_e6222925762273b8,0.09772898355990095
ck_bd80546b4807dd59,0.0013660813447136267
ck_bd21164bd2bbb635,0.0026976845170294203
ck_ea835557d7043667,0.0016133227001012115
ck_1411a80a157ff39c,0.0035807548002228513
ck_ab973888c20c9120,0.029035735977967922
ck_95b48972061abe82,0.001376391370228762
ck_fc4a43f8876bf10f,0.4781048744934204
ck_f34fb7ccf82f41e5,0.0009572570920199822
ck_5af9934a56801ac0,0.0015252343724457013
ck_fc7445ec76389a58,0.5933711159879141
ck_1eeacc26f02fbba4,0.0038113735246066297
ck_4f325dd15c9bd45c,0.005926303578004492
ck_5009a6c8bbaf15ba,0.014775413078055237
ck_0f3de7f074bb33af,0.0009820274482663332
ck_2cbc2f93a32eede8,0.005725081630342364
ck_4bb90a61c21a303b,0.0009182199319722031
ck_3ade9eac7d7b0dbf,0.008932577599676349
ck_4859a58629622915,0.0017511849307587425
ck_5fed957287ebca03,0.0016964652544563035
ck_ec01ae5351500355,0.0012450886186956402
ck_703b41624ae6a5b6,0.0003859509921728212
ck_97c38e7f61c27e47,0.0018188676107668172
ck_db2c0908150cb2cc,0.0032425312291617697
ck_64ac5e6fed86ab60,0.7074873576106656
ck_da1c853b0a061e83,0.0026955690796398105
ck_9a36916b60178ded,0.8402556744359507
ck_3715bfa7fed2c675,0.002118469732207645
ck_dd3feb77d7d4f6d3,0.014681264591559546
ck_982ebb24174a4ade,0.0017258632671057499
ck_f6b7a10d47dd9a1f,0.0018220219752232087
ck_1f56fe99f250cdf4,0.0053130952393186225
ck_deb3ac0606d6f6db,0.0012734217471205842
ck_e666629e5a41b39b,0.0016548542245013837
ck_756d2c13d02b3e09,0.0036140031891933825
ck_7bc752ae7cf5d55f,0.00038761859298010876
ck_fc0cc4b25e6a8194,0.00036025521245353163
ck_9b2b0e286de78a1b,0.00233855146312451
ck_24b0803447211bf3,0.0024393025740858986
ck_82eed68d05a42128,0.01128311878504669
ck_c8a03c516ed5b05c,0.16571576359891632
ck_e914974cee1bccb1,0.0059185377739291375
ck_0c533ff2d0f9962a,0.003740727502350446
ck_c12805fa5d970a83,0.010668676299475292
ck_fc2cb29918631f10,0.0395235237436412
ck_c20e89afe575549b,0.0006591662639229985
ck_e1ff9e31becc27ae,0.03676917011506807
ck_18116d0ac08f1996,0.9915413348217644
ck_885a83975cea5e64,0.002249031359327376
ck_a0c3059a959ba5d1,0.003021766456539288
ck_75257ca7d7da2861,0.01006923236939843
ck_2210f7a0d13bdbef,0.002075841447136648
ck_9cbd9ecf8374f65f,0.0010978484555144593
ck_18f67c00ba21fbde,0.0008958718989013605
ck_2d28f14d3973d8fb,0.00029223422033385836
ck_8b3401b44aaae728,0.0002471978338431809
ck_9d8e9ef37797d3af,0.8367070181127992
ck_9f50920c894f64e1,0.001688540117880694
ck_4737e0d56c6fa0a1,0.005289379370440203
ck_52c311f29ca3aca9,0.00013715292784817064
ck_6a4981bc721df37a,0.009584672901164019
ck_823539d936c55fc6,0.00029812977656803894
ck_df5aedb4118020bf,0.9843273109707298
ck_a911a066ff0f7b56,0.030192201135107132
ck_684609767df4a14b,0.03317523566450647
ck_f2350bf355dc919e,0.002976109050866439
ck_8452b6cf97c65a5e,0.0013407554737405283
ck_084cd84501012218,0.7737934075725467
ck_ace6b72e5bf3e93b,0.48016380205506154
ck_2afdd69094c955c5,0.006592883494468647
ck_fa7d5be26bf7b31c,0.03915179603014208
ck_4b041217690fca2f,0.009415234733380278
ck_9fb8e3d38cdf276d,0.9408733152776843
ck_c1ee56d65a42f59f,0.008729597155348772
ck_fdeaa1cd085691f0,0.012233938791237658
ck_5de33a7a87e9aa62,0.0016379743247513893
ck_7476e7fe1ff45545,0.003083762042510288
ck_b0a947b498e47018,0.0011595684439713427
ck_e3894ed88a7977e4,0.0012461543595241335
ck_c7e07ebfb0bc15f6,0.011081359976572827
ck_3a3daa8b376f2a18,0.0004118038626989012
ck_87809324c2675b0a,0.0027670433600404526
ck_7eb4f33260f1dcd4,0.004461859954806912
ck_ab9f0e08af030060,0.004369675749376237
ck_5b8fc4a76f340797,0.0038447099418177097
ck_0e7bf10ef49aa818,0.012635142055847624
ck_a44462a3853ac67e,0.9982528723485699
ck_2d14bcd2e0fc043d,0.00012945428725896963
ck_df1f2dba802296be,0.968292126864989
ck_466a7316eaf149b1,0.01582765830305027
ck_50df50af592b0c06,0.0008113740926310422
ck_5f9e34c849704b95,0.0004658154576573893
ck_7836bf6def26aa87,0.012893717783764112
ck_ba175b1bd8efaabf,0.0004153547720749581
ck_1a0aac7f7b94b1be,0.06800407293119802
ck_6768c4b2aa8ce586,0.015193657372130605
ck_eefcf0ed15897898,0.0018486402036086548
ck_7a6cb27e390b6ceb,0.000853858473270856
ck_5275be4e1577c1c7,0.00038657218659869316
ck_6bc0e5b8c0b7d2bd,0.0022158369597216334
ck_4874bdec79f9106c,0.0013191914449875973
ck_a678731156ad7bd2,0.5731157061659641
ck_db906debc36a5d1e,0.020513168544681947
ck_e87897767c612942,0.004846631513395999
ck_45ed5ee496ef8a67,0.0048193525486116195
ck_ae20e28f9854f3ee,0.0072595525283088635
ck_9ee044b73943a90b,0.0038831096978013185
ck_dab34cf6f0626c9b,0.005842918980345439
ck_64a02b7b96149810,0.0008870884073646766
ck_c417d06f3e94685d,0.007070471311244457
ck_3e0149cdee4cb294,0.0012650199797875211
ck_0e6046fc30f81705,0.0011849311743593793
ck_c383aeabd53e9c89,0.004860183774132614
ck_2ef76f1f36e8b869,0.4004713870497958
ck_43948784650bb9ac,0.0013256768906372539
ck_bdb966f43ac350ee,0.0035218042045997095
ck_5bea0e0ee0b094cd,0.004426155360014655
ck_dff090f03ca5529e,0.0002114943682263397
ck_a4691b57f837d88e,0.004198959010920821
ck_99ee90946395d74d,0.5702575269709255
ck_cc81dbc83a8879fd,0.0006148800218097823
ck_f3dc0725621b3a35,0.0010018416957587658
ck_1bb212d1288b9689,0.014561833463176776
ck_9e7278fc7679f002,0.005879253215392043
ck_3ded7a8720d7e311,0.0006263736969306362
ck_798157bcdb9453e1,0.0005284658672656674
ck_9fba80f56f357fe1,0.002208997430887457
ck_f1e1c8491f16f912,0.001788322230557105
ck_7b1319a5ca2f63c6,0.9837537493770807
ck_124432fd5c92af7e,0.8799648630446454
ck_148cb0c723284dc0,0.0011477022467977535
ck_b56c62c950eda009,0.0005462080222011274
ck_a0498755cd8d7188,0.00016390099120185762
ck_5379452a9d74efae,0.00011222097519578524
ck_6c2453229d608183,0.0034613153945616047
ck_f9d8b4813a88c1e6,0.001788856834271132
ck_c2c7d1e45a521857,0.020409418378591903
ck_4364a83a11743888,0.0030346135726845237
ck_2cdf5fd97ba75e06,0.05192409709754244
ck_71bc01291e0533a0,0.002570686879361402
ck_a725d7aed2a0bdc2,0.00015389875736079403
ck_a9b0c4dbd7db6a91,0.0015907508389059095
ck_a4258806a533efa9,0.0024202780414689226
ck_905e460591d9a278,0.05734838826705977
ck_20de8abfd8960ee3,0.0014707852215491302
ck_252b0a0f1119b220,0.00010043793008256001
ck_95e4bef65c36af1a,0.0002619389503114503
ck_5ab68b434ad53fea,0.0008036880695849532
ck_13677a1957078827,0.00041920487626084395
ck_d251e9fa09e542dd,0.9988813579830148
ck_700cb620f300dd47,0.009398343844715093
ck_39a68c55a1bd3ace,0.30136880230851987
ck_61a59a7944d6c53e,0.0295127009151028
ck_db6d1c6d31da967a,0.0008266319627536515
ck_650020c500b1b50d,0.0013871534806319445
ck_d812eb6930192793,3.952357921443161e-05
ck_92f6ebc11ebca89b,0.04665258003672257
ck_d87e26eb5bc84b01,0.00013418375209361648
ck_66439e697695224c,0.0003481962284960539
ck_f21efd504faa654c,0.0004164680903518969
ck_15eed0f5652f0352,0.0009067319784535332
ck_bcdbf57d98dc0d27,0.0063746025530149915
ck_873ceb8004d3a9f7,0.013078349271499777
ck_70bef9ddd4bab005,0.00045979360300337055
ck_7560f1891d66f294,9.69704376089434e-05
ck_f439f16f8693883f,0.002439388412631908
ck_14f9535e53f9c7a6,0.0019957552213115976
ck_5984be472d2bc267,0.19954387455613146
ck_ed01be7504dc4187,0.021618629251293774
ck_dc3d8b5c17b67ae9,0.00048484473775528265
ck_9dc23031b6b494af,0.0437033672800722
ck_fbdac0221bc03f66,0.002811305075158422
ck_863708a99b92ef0d,0.005019522865086352
ck_22b52654776a1ea8,0.731356430094396
ck_a0714f98001efa0c,0.001035172634563854
ck_9c56114f84e9a541,0.0011938322105055858
ck_e155cf506b2fb699,0.0012456448970732425
ck_65ed7e72f24731e7,0.0009391886796940054
ck_822d6e8e43befc72,0.5466475721514933
ck_b1182471d9ac6b26,0.000566217952273514
ck_821446adc95e6da5,0.0008504131783144002
ck_ff182f033134dbb8,0.003029628296488493
ck_9c5feef7647b0588,0.004665825143891361
ck_df935d8bdd44883e,0.0026701784116855204
ck_01eb24c18ad11fca,0.08609963643197661
ck_00d6730134a1eb51,0.002010751005424157
ck_79ba8e85678d0224,0.0015052486637067582
ck_97e3b04a1350f6e4,0.004568300091248728
ck_74e9747954a46eaa,0.0027789388262213083
ck_397d5fcc9972f909,0.12720709655728626
ck_9ede89e8a43c3f53,0.04202371583803603
ck_303b33910d67f306,0.0007604991669553595
ck_3c17841636f6f7dc,0.001892392289280325
ck_78730527f8ba1438,0.07839266435337865
ck_5ee32bc6bb5d1d4c,0.018618605603073525
ck_a13fee8cd925d0dc,0.0014035769591704073
ck_6f847263379f2e43,0.013456238273023672
ck_9b9d9e579e7b55b2,0.008192527144658674
ck_87c1d0a79e79c84b,0.005737525282832475
ck_bfc453eabb472f91,0.003400899825102082
ck_978c21bb5fe3171e,0.001786534556558031
ck_dd882323474431d4,0.008482809063842144
ck_533c4f7400d5ab22,0.30485556668083313
ck_5f217bfe28954e75,0.9965138515949317
ck_ae96d35465b3b4bd,0.0007139521231238601
ck_512ebe97c0af94dd,0.005303837270896441
ck_f558fe02bb0219b8,0.0020363365910964944
ck_84092e23d5ef4d51,0.019301421048282825
ck_17d3022ca12eacd7,0.0011842687894781545
ck_8a8f81bf3558fd9c,0.0024816638387752535
ck_0ada6fed1864e7c4,0.0046155689063014285
ck_21fe7bc59dcd78fb,0.0018130458114384795
ck_e136e20c1c74fe38,0.0024422968331891033
ck_e7a530e09d113dd7,0.01587285632034469
ck_7cb0c9ded4d63027,0.007445602207922563
ck_102db9615e722c9e,0.01325814535939524
ck_129e39ddfde92eeb,0.00020543142130454489
ck_d730ff21bfd7769d,0.003470754145607456
ck_54459b45d2be8459,0.00016319206880107957
ck_7f1c20319eb60aa6,0.997457827086896
ck_939fede90473e412,0.0013061036204927358
ck_e0f9506a6d5f4a1a,0.00031998584378018115
ck_9a4967cdf49265cd,0.03832541671181445
ck_b9eaf03453ac7d5f,0.001030392406653834
ck_522477be6376b450,0.004220942698512944
ck_9b6282e3bad50710,0.0011984578391975153
ck_a0e3a2facd508e49,0.0019086693542243285
ck_97ffae702f7c3d08,0.00016865955064215388
ck_344a95cb7115ec67,0.000898827622222443
ck_1f2760764afa45e8,0.0003877866456785826
ck_720cd658d11ea428,0.001908893678811239
ck_04e32ee9834c088d,0.17165455811815655
ck_2bb1389e5e72c8f4,0.006592893845453296
ck_961e7dbc217cfbbc,0.0014225467767510116
ck_f3bce4eccfa6d6bb,0.0005616929313855674
ck_e0ccfa0d689339be,0.0011765629656664942
ck_98217aeafa0bfefd,0.004850010436390312
ck_a02aeec1914c158a,0.011799140427144002
ck_20a17e8f206a14c8,0.06112721683278958
ck_114c32aad4b6183f,0.016755584314464143
ck_79f5198f0decef20,0.0005816792380067291
ck_2209de229b4c71c5,0.0019826119946845864
ck_6ee939b7f396975f,0.001158776271399333
ck_202f0c14b07ace01,0.004966672699537633
ck_fa24db9d416ab904,0.0025556576365529994
ck_cf6aa24b92c4d33c,0.27377981200448487
ck_45f57fb8194cefc8,0.004340561123138814
ck_d5eb179dc45394c6,0.01192075315802877
ck_efb24be983342f75,0.0026652990141278394
ck_245f5d62ead5ef28,0.003265447154940272
ck_15fe2a47fa7e92ea,0.0007271409920675407
ck_b6527a85fd682554,0.04428698166149214
ck_11f9390a11ce9ff5,0.0031381876765559447
ck_ffb4d892c5158201,0.0002149687367891972
ck_d4c1da5a1427fd6a,0.00552758157343709
ck_2c041b1efb1c5063,0.00038816846667125317
ck_ecc18f40b33be769,0.020150297967708876
ck_0525349f3945375b,0.011879093340831688
ck_0bfe62e0c7eab9c9,0.016766865620767058
ck_b7c37d410b1646c2,0.004113901240879784
ck_4b15b0746318cf42,0.030954562351615745
ck_e5ee006ecd8ff661,0.015653585034254135
ck_ccc83cf66365357b,0.022309892094582146
ck_34a33ffe8339f66d,0.9895975939165528
ck_4e39e3b165edab58,0.9334050556464626
ck_1a71f8081ae00190,0.9596298478222646
ck_ed8f1200fc049c40,0.989302470085474
ck_8a5a57858e8c77f3,0.0037409816562106743
ck_fff9fdc2adf5100b,0.9770344565560507
ck_c76f1bf40f3b787b,0.0002982370763083445
ck_1a6ddfeef82b1b1a,0.0006713464435886555
ck_478d2667aa9896d9,0.012112605489655908
ck_641c8e7694b21f3b,0.0038457152710598963
ck_293581d879f6663b,0.9822404085611689
ck_1bfa8abdb22be8f0,0.004784659052675056
ck_05ab5b03d0bf9ce4,0.10364872908863992
ck_35694db37f0cde7a,0.00024391520433052097
ck_fe33eb743d714c03,0.007266320140840768
ck_abd10fbcbaf2b038,0.012801054246164453
ck_46d51648c1bf80e5,0.19540850929450443
ck_5c8390017fabfaef,0.002634174230583353
ck_87d55ca333f22072,0.0002713437563741924
ck_c39c6a1453e2b92c,0.0002567967590308944
ck_69ff1b0aa143a168,0.0001445101188275571
ck_e57c79eaab35ded7,0.0006026463406428771
ck_463ae759e2b6ad1d,0.0027683655389132374
ck_0dae4a7eb587f3ba,0.0027500632706647294
ck_9b12fb56529ebc4e,0.0024266300916971537
ck_1af547077ba2dd03,0.05690901465237248
ck_de13de941bebc7cf,0.0002753639814149857
ck_83dde7da2bf647ac,0.0001831838683811013
ck_c80a94d4660041fe,0.01565877692264187
ck_f39cfeb277ef6528,0.0002894386602090531
ck_1cec1ed1512a2d3d,0.00044316291775130966
ck_7955a359b6448799,0.00048677602500981065
ck_8c0955dad13c3ca1,0.0011798148250751015
ck_6d4cd2de601a2308,0.009402725715794822
ck_f4536ba8dd2d551d,0.0006095896037164204
ck_b379c198d6db2d62,0.004994229654449001
ck_76ea90ebc74bcdc7,0.005711990460999496
ck_734f06bd4aa92781,0.002108018752909201
ck_677e1d0c14cbf569,0.0005404839133019557
ck_259271c70f3fbcbe,0.005515206673385703
ck_c0b744eb9e7d4eb7,0.00189309199843149
ck_3d41faeb96802f68,0.0002367832599609302
ck_8f604fa70fc3c8e3,0.0008031078518971793
ck_0b3c3bea0e0ed339,0.004858050730759337
ck_be5df076b8a86409,0.0001493671292415918
ck_6a475fe324d7d790,0.007008023110843246
ck_3ba3fa5387bacee8,3.199018327098416e-05
ck_324b9939d9c1c31e,0.0016588642938242472
ck_a7fcf7b592f68ca1,0.0053954944418343935
ck_5b2728f7cca414ae,0.00010755575264867808
ck_5f4a25ffd0b85a47,0.00921224632407087
ck_63d4f5076fe4406e,0.00018978319288262787
ck_af528d66c86f0cb8,0.0011628235147348293
ck_ac7cdb9b8da7b5dd,0.0013122620406875829
ck_3bece63711407e25,0.002898734554789447
ck_d4e0b2a12fcfc35e,0.0007680491864095134
ck_ee3e7c9d3a9c74b4,0.0060714860672395725
ck_50d7c4dab837bf66,0.0014561945355952514
ck_ebcb93a2990fc914,0.02961857964029331
ck_2329cc9702cdf7a0,0.030328539320596887
ck_db1fa53d588bf99e,0.0005344505393457093
ck_44e57a0bad5a0745,0.0019176376681983482
ck_472c81a144f4631b,0.001728997988204458
ck_1658429acd5306ba,0.001096476052470198
ck_466103ec5bd9444b,0.004278936483441748
ck_9757163e25262b74,0.013188245744619386
ck_34ed59bc2c9b0186,0.0014152779759654132
ck_b7bd3a7f263f4f29,0.008545173847141242
ck_149662b09d632e41,0.0030760993606593697
ck_a9ffd6b3957bd41e,0.0004481788705633334
ck_ab80466ef615e85c,0.00039111560265158417
ck_f2c824d3473db24c,0.0012689811079150475
ck_a4a01fd45936b078,0.010529708843312474
ck_8f6ce158c2902877,0.00012619752580224914
ck_5189a302cfa7cefd,0.00014873133979633428
ck_430a3d03be588201,0.00165476191609741
ck_b5f9dd00914b4db4,0.001747799956566466
ck_52dec82e9cf6135a,0.0014944181277912795
ck_95e444a01e2ab4a5,0.0031342612878577807
ck_e37cee7b123692af,0.002680276959059096
ck_d68d42858a55adff,0.006899049180027022
ck_3abfc010091d679d,0.011324152462785377
ck_cee4e4e1b62bf82f,0.0015168468811458849
ck_9ccb17c35e636c5e,0.0009930482492539225
ck_f72a5a3b0d6c1177,0.00026491718760503116
ck_7508aa554fae6afb,0.10335812783256021
ck_003aa842b7ca1d77,0.26211033720237287
ck_83b2b192f41ee2bc,0.1342735178446816
ck_64796b6b2c3c7f06,0.003277722843389482
ck_6438ae81d43cb196,0.002540195713158786
ck_2bd73d9098504760,0.025119607509671602
ck_aa8b9b36a099e4c8,0.010533420677695087
ck_e5ece47d0dd10526,0.0022219424740740515
ck_16077ac345472e6a,0.0181470564938238
ck_a4d6e152b0076964,0.0011102141281620626
ck_d90b1d03ae151f62,0.004351570289245033
ck_18b36d342b530af4,0.001384679052690339
ck_2a01e610348b84f8,0.004965909375927535
ck_0a93ed76bf36c8b6,0.0022150448005930396
ck_3d56b477fe2370b6,0.018239908618417323
ck_17ab3068fa303682,0.000609218684912523
ck_592a3520d841d11b,0.004430210939817105
ck_84d07028b5fca2f6,0.021247149289735614
ck_f4a2bb10afa85743,0.0016719446082549977
ck_4fe4b072f03f2c1e,0.0001089999109688742
ck_9ad08fcc183ea1e7,0.0003910130731506606
ck_130d3848b9dcdb05,0.000637777076859916
ck_bb399ed6bf28c230,0.002403597301310994
ck_a31a64a39a2c4941,0.0004980258151071326
ck_c49f25dfb39909cf,0.1032490718909427
ck_55f50a9ae2db8ff7,0.0018160212153051577
ck_09faa4e771cf876b,0.0008480106064489503
ck_df520a7a6e405889,0.011275849702073178
ck_8c8c98cc694ac900,0.00332499848992845
ck_7f0c4f609673ef62,0.001095249160990379
ck_f51fe59cd445d2cb,0.0008885573112107475
ck_b3fb83f0d772a831,0.0020213363653400545
ck_d6e7e257751c299b,0.0003209441925145381
ck_0d362ddb4a1cb6d4,0.004918529595386313
ck_a574a08edaf81781,0.0007783500648908008
ck_a823f5bcb0e4b9df,0.00023295475025671212
ck_f792586ad0381eac,0.004563360787369144
ck_54bfd70022c66983,0.001207558535704501
ck_fe0a9372c9372de9,0.000519478319285148
ck_5691cd6fdb6d8147,0.0010979885207441276
ck_a95f212a02433d23,0.0003447705472039756
ck_f5adad75e1c06731,0.01944583680286198
ck_e09c97520eb0533c,0.002620111327298255
ck_a1e13c0d58560340,0.0004211795368288106
ck_cacc2ca410cbe80b,0.0021029831223803096
ck_c0dde2a6ef1e08c5,0.0004973533690117602
ck_a04403073c90ce38,0.00011755262408007163
ck_03d3026107175dae,0.00586312323136705
ck_50176dae5b1b716d,0.00036964340586888143
ck_6c084bfcb38e96c3,0.0077442823102066806
ck_36d2be9012f7909e,0.004770766398347318
ck_958acf84c6137a22,0.01432370353072636
ck_114722e12db90a73,0.0036746578311028745
ck_203c2a22c0c165ac,0.00274751548243811
ck_2c44ca550e5cfa82,0.005067653228562794
ck_df0a8f20ab8f14f4,0.0014069528177191198
ck_826a27ff7555192e,0.0039807572777050505
ck_09a988ebcf062297,0.007913742463080398
ck_5c82444b3b9160ae,0.0032995038764527074
ck_f6a4a7ed27fe76fc,0.0392799360291066
ck_17de46314b5c6a92,0.0012530744123316194
ck_335e63101b1e6c4c,0.0468956530196424
ck_c5eefc0697451de9,0.007235143681381855
ck_49a0efb5d4067b6f,0.05180386853742298
ck_c1f4509c8f5dac5c,0.0005507439710003199
ck_57658eda1c59bc52,0.00018707867914193906
ck_0d5c0736ec76385a,0.0001473849607880141
ck_e0239e6ae30795a7,0.010554472361973035
ck_e4459115cd8e5e4f,0.009749447251176624
ck_bb4aec09d4968dda,0.08350042816602458
ck_a1b4c96faed3e0db,0.006570625044517577
ck_8247b79ac67aae7d,0.0021164313148297055
ck_fe2fc7d6e5d83f09,0.0006311932513873088
ck_f6aea576cde8d592,0.0006521844248318348
ck_b7e7f7d0cd886412,0.023572482348114893
ck_ca7b993e8286af7f,0.000608801284181453
ck_47de038381a9cd65,0.0026524932660930076
ck_d38f941d09eec820,0.012913993708302438
ck_d9ba2a6c0d926b4d,0.0002861527352621475
ck_cda72f597330d0f3,0.0004403455914626033
ck_16d2d27fadeeacf7,0.0006395650637010268
ck_be05447853d423a9,0.0003136318988813609
ck_cd92852d7376a4a8,0.00017063695188848145
ck_2faf7ecccc9fec58,0.0002116672930282206
ck_db8733fd92f20cd7,0.005686171077776056
ck_a9989a3a94c26634,0.005288154596922525
ck_957fb25437c75e41,0.005668801146442342
ck_e6a6caf6e7de17c2,0.0003885796531946155
ck_f7bc569b37e8bdda,0.00383733374941965
ck_703b375dd86a6124,0.004224629339420653
ck_d3cfb3603f2c6ca3,0.013487323192127554
ck_07cb2b6f2a4303e1,0.0040635716171402445
ck_31631e2028d4f855,0.004138991493480967
ck_1631bab0ba1256db,0.005427262546266378
ck_5fdafeaec036f016,0.004752625385905611
ck_6eda4c36aecad602,0.0005650092062528194
ck_bd1bf9e3e29de281,0.014728051796239929
ck_bf378ea558a4125f,0.5900422456907569
ck_7aa2deeda0e57412,0.9971534640761002
ck_d229cf7f5a3f38ca,0.0031307675527160097
ck_9e109edd124492a5,0.0007196434987312061
ck_779491819995625d,0.029300905706270617
ck_b89c6fa2ad0a12f5,0.005255684194769833
ck_1d01b4a609918c4e,0.9438305303691406
ck_714c5d7cb17bc9f2,0.001181857449587262
ck_269f1746f2609ed4,0.0003573679548201514
ck_4be03a2aa62b93c7,0.0002966044639265736
ck_cf920313f6dd28fa,0.001810802342486334
ck_fb00aae4e17740c5,0.000582064368484289
ck_085d8c42739e2b10,0.9988284891593674
ck_c72a7d0d03cf3e17,0.10667166480102337
ck_8f6ca5d3b17eac6e,0.00047128032011252956
ck_d9573100bbff4014,0.15229271886536927
ck_79d6793d1d0cf43c,0.00036659090081301974
ck_91fa5032f7aff0f1,0.03363874752662015
ck_87110d84872c0fed,0.005252049345989797
ck_8220da627e9992a5,0.0018200609455847417
ck_2ae44938847f3852,0.0010204444736785637
ck_b0f191e44f9b6f35,0.012774487251266597
ck_3049d744b527f4d0,0.0017100952156529929
ck_47d3e8d1dd3fbcef,0.0025436082266708897
ck_ddf787359d2b5deb,0.0003099453590403442
ck_b27a9e39726b26d9,0.000529112698799349
ck_80c4e9274cf976b6,0.9948097764937807
ck_c6afa913168ce8fa,0.0015027578657436484
ck_52427b3f8478db19,0.0023229972724176213
ck_3b810f15ca0eaa55,0.0002715826540302501
ck_0c9e420f97baaa06,0.7965755578749423
ck_f8540cf3a8b2f8c9,0.062004120185040285
ck_1402d24dd623df72,0.0007102024388047577
ck_eb4f4267e24d042c,0.00015534183861113036
ck_6f661b428d6fb8e4,0.006581604019531083
ck_519a26ecf3d29c90,0.00042053082492355634
ck_e886ba71d4a6fd73,0.006669274818441314
ck_437f9ecd2016a1a8,0.0007475427247852381
ck_f01af1b0c977cc06,0.004211508688305594
ck_614f777c2eb5d537,0.00028372290000406415
ck_b804e784cde9af8b,0.0021011441910047074
ck_c2dccbc1b24b137b,0.025563380679202097
ck_1df4a1781a0f6999,0.0019957799060326318
ck_bd2cdd53fca26171,0.000766643084838069
ck_424c254249a109f0,0.005096036294174339
ck_cf2ca4f286e289ba,0.012314712617452052
ck_6c33cb15b0d8af54,0.002020707057471646
ck_311d395fa9b8550a,0.0007650364659470954
ck_9f792e7e721ff7f1,0.00016475892056951714
ck_4c37586080edb7fd,0.00036068791033589976
ck_7c4f42c5397113b0,0.00045546320750768034
ck_fc418f53ce4aa579,0.9140988062474129
ck_1ba28fb7ef726ce2,0.0038623966600363434
ck_d932f98bf6b83956,0.007828322241468101
ck_248b3659a9239240,0.006971363597193621
ck_6a92cf5f4cf5de38,0.00533706933700961
ck_65519d0fb137e0c5,0.001182921567341535
ck_ddc3fc99eaba2064,0.009126600997325315
ck_7310cda3bc65a73f,0.0015213124597982625
ck_c01c85bd631d4054,0.0008108252465845013
ck_b4954d16b9749829,0.0038114444239114634
ck_f301f6758e170d66,0.005436419821167553
ck_9bf95f8c47e7c7b4,0.000776636900287724
ck_c91b7fccf6aeb4a5,0.01082088831038196
ck_785fa45e86bc5e95,0.0035763572284694314
ck_2a65f1cc23f1180e,0.0003033203914734096
ck_a49a2c1f881a3560,0.0003451945482576015
ck_def344d68f06d749,0.0007825165379198254
ck_abbd1465fc730d78,0.002207133189336398
ck_07a5610ed28162fb,0.008552707706490244
ck_7ecdee2d7127be8b,0.004664694504870945
ck_67858bc00e81490d,0.0002709947829436295
ck_b4ad165ace910222,0.0008804599169802064
ck_30753ffe481a1b8c,0.6575579070313677
ck_c401a26725b17177,0.0002443734117151185
ck_819988d8a7f26415,0.00038549967822518676
ck_3364a1d9261b3638,0.0006512523030144503
ck_c484c5bda389bf20,0.000169866363528528
ck_ae416325fef92c9d,0.9897147405339654
ck_5517b9a865960542,0.00043154568311128344
ck_a0e96fed380440b2,0.0013466036271846667
ck_e83409471d2b0b44,0.004034422343920196
ck_127273af97d7827d,0.00036386051149659516
ck_aaa9861c91bd14dd,0.0010437478120523087
ck_a378c58294001a36,0.9766552925717804
ck_abb9d65ff1f95b64,0.013777203674545175
ck_a5ecbefa849ae569,0.006741667010435953
ck_aa9953c0ca2bed7b,0.0001772450457575374
ck_40bc6de252865f32,0.000300425010427157
ck_9fb11688dcfe1513,0.0007052194846318389
ck_ba68841ca2ba073d,0.0022358319901343137
ck_1d3e561a7d20be0a,0.9842556391897312
ck_99a92d710a29c1d0,0.0025192459984884783
ck_ede2e887697ffac0,0.0005657048632046117
ck_e6de67c0d82a7b83,0.003847799507177366
ck_6b38763bf5ddbcef,0.0033384897246660408
ck_8dd44eead7d765a5,0.0036712015388790944
ck_30bf5b0056eea9e9,0.10720741651333406
ck_2981d16f8a51a8ed,0.006466276908849506
ck_fc60f42c68c7024f,0.08019821796005357
ck_8e2b2251ee224aa4,0.003818624052215445
ck_1906f0dfaf6e9bad,0.7700385358233826
ck_dcbe6814fc4ca0b4,0.023393449002658825
ck_f7e958a286ae3b57,0.002052070670844902
ck_713649668a7ca824,0.0022074440392826134
ck_6f73cdbf9305e2ea,0.0016127892673618144
ck_dd1c490050cd9051,0.009467227156920888
ck_e30db36e376606f7,0.10778945814813741
ck_740d8fe8028b5a2e,0.004039940315736317
ck_ebbc9418cd41f692,0.00013963602510085328
ck_7b3cc6cc3f250f39,0.008176930252794415
ck_1d30eef7110809e5,0.043752957830469875
ck_77e0589ab339ca66,0.003190815005972001
ck_15ccbf8ff7d14086,0.0025293035820592308
ck_246989b0c288664f,0.0026343437455255895
ck_fc2a6e27b10b10e9,0.00030336997057409137
ck_8afc1112c12f5402,0.0014728322682775695
ck_a76e8d83b9141364,0.01108191102289201
ck_51d3e8dd7465c015,0.0011419878031373343
ck_e7b4016909405981,0.0006002680144704054
ck_e7a3cfb9bf908e80,0.006078343231927541
ck_2bb49dc2388cdc1e,0.0003636378153771426
ck_94f4266ee7871345,0.0010982437820509692
ck_b2c896beec146477,0.003915001814101322
ck_fcf5d4a4748cdd53,0.0008673972724060222
ck_fd0483639811f62e,0.04702963388961651
ck_9a21d183524734aa,0.003148467010841715
ck_1df4b46c0a4c317d,0.006516531813782265
ck_638df9e8a22dfe0b,0.007041303301797525
ck_65acc43a6dc3e65d,0.00028690671807045484
ck_7c67b73196e3d0d9,0.0011876670317535474
ck_b0ee3a98175b462d,0.00046167438089345385
ck_20fad010969f1abf,0.0003067838347004331
ck_54b087bd873af8b8,0.00712008603740907
ck_8007824431fa803b,0.0005983397627072817
ck_23aab322810b9fec,0.010801742073933978
ck_c8001bdb9aafc8a6,0.0006350632024691547
ck_3a34c3ac83cf84b3,0.00186690533567185
ck_60187ac2c473a662,0.9928874467947062
ck_6a0ccd7357979f0f,0.016333163517451198
ck_27f20337bef5ffe0,0.01044088447637317
ck_f9fc468915afe49c,0.0034968581971189395
ck_1eabc15a94bd9009,0.0017460624290461066
ck_26896c494b2768ef,0.001712401843812321
ck_348c874eaf0354f4,0.009515259692217747
ck_be9c46acd216b45d,0.0021597534916558037
ck_a3cce46d15cc20a2,0.02183408716892064
ck_70804f60d9704128,0.0038979120946411325
ck_a019151ca8e7527a,0.009139090777408446
ck_571133b2aa8ead51,0.01951560882744176
ck_0afa4449f20d5196,0.0018850733342904093
ck_4d503c41cf4e5034,0.011750783089541283
ck_d6fb9cc5171e3e9b,0.91422893087307
ck_05ed92a7c3e10e5d,0.003646726856361143
ck_bfb067986660afe3,0.014439446399843498
ck_c1a31690c8573226,0.0010859782022787333
ck_cb88ef3dc1f42225,0.00024249167331087318
ck_21e3b3bd998745e5,0.09061857447644002
ck_cf52e46fa54e4540,0.0003486341605315931
ck_b72c7ac4208052ab,0.0023268176138587253
ck_e6465c56b337e6c2,0.001074463309960423
ck_5f87eb05d18186c0,0.0018303099749987495
ck_263f6c5ff26b5e98,0.0007595371684695773
ck_e0b7e2c0bbe228d9,0.0008335150590449907
ck_b657ae3c146cb7bd,0.0007591122845857649
ck_abac514d8167ea58,0.0013979821709907416
ck_024dcab126876002,0.003991679457994911
ck_5d8481e2b38bd99d,0.016273572699256725
ck_edf229c17d25dac1,0.48741225555053164
ck_6cb7c97b72d6b5d3,0.0029766048592431036
ck_c96ae2c28086a059,0.0018195727075017711
ck_2f241b97c0f8389e,0.0028923307702485757
ck_9158bdbb63ee8987,0.0013273393680109295
ck_e7b40b60786c1530,0.0008212749645069841
ck_66d38518f68e6194,0.0001444783552138259
ck_8c9b57ad2a991416,0.0009993966421160052
ck_cc91bd7152d3e9ba,0.0036651563687462013
ck_0d846660c7957a88,0.00042037790714729596
ck_60896cdac2212bea,0.04118121254805032
ck_dc4db8b932df49de,0.037170998594153994
ck_2dc31db181150e20,0.0003377119253998891
ck_2f138fce1171e277,0.006458514603257339
ck_68b8b859a6ef505b,0.017353784756852782
ck_c3fe0c6c5e1f40f6,0.0011630917402183168
ck_15886fe84866de92,0.004941100994073572
ck_ea269b35406473e8,0.0041944940202587695
ck_3ce7cad1f69b71d6,0.0030800557136421436
ck_054ed4288ee58d6e,0.00473463716062393
ck_3d4913a86f207fee,0.01353126061692369
ck_23ff85f9d2355e8d,0.006100700102901516
ck_d87ab3261322216a,0.00024957245089341423
ck_fac046ce336fe39d,0.0013224768767010767
ck_beb97e498e6cf8e8,0.012343372481717432
ck_1f517e0ebf397b51,0.0006483352405941649
ck_0af57ebaa45877a1,0.0005490994866783887
ck_f99bc1732ce5e999,0.011713551957610474
ck_abb056a9deab275a,0.007750780893606215
ck_0bfc394c5faa65cb,0.007686870051415695
ck_ddc865af1dd5670e,0.006631857888952988
ck_68b5542459638b56,0.003802043618091479
ck_0b1d84252c0b46c2,0.0005411952394424919
ck_520ec32c4f253604,0.008482988959257346
ck_79ffcfee599d77c7,0.0014533307286222457
ck_eb224c0fd146253f,0.02295267580600994
ck_0e477084434da450,0.0017831406412604405
ck_07840bba5570785b,0.0030360507281760765
ck_6b67fe8e310ab865,0.003163208574159789
ck_e2a1068c2fa22525,0.028923566115476168
ck_b9c6b32f6bd92a3c,0.0015361361692113014
ck_c1e7d1021ae58f00,0.0002120681117155795
ck_5d7801201749ffde,0.004023086936446091
ck_c8806749e263f70b,0.0001755849009631215
ck_c9eeab826781dc91,0.014012555998738985
ck_309a432c160a17b3,0.0003518681326772751
ck_b22e3337b8e3dbb2,0.003611161433627262
ck_79c30169c71b8033,0.985062552695408
ck_5a6593d954085775,0.0014549359078087191
ck_70b9b79ea1aacba8,0.0017679418476508266
ck_63743141ffa11f45,0.001292634928151334
ck_dfd3dbd0d97a642b,0.0007250269827786326
ck_635646a661f05b4a,0.0009593682786730391
ck_4b123d6931b6d0d7,0.014948108178759703
ck_f2b0e7a47f442557,0.9664298700573007
ck_1b1df006b81d38ba,0.00148299727376368
ck_360237c1bd30f4bd,0.0005681648474212051
ck_5e84bca0e362da20,0.002103652651246633
ck_142dba210ed2f3b5,0.007684254691662257
ck_a3564236069e3524,0.07782932814874002
ck_cf36d8b070ded782,0.002141461577424448
ck_ddd6625c5eddad70,0.00015898363483437283
ck_ad54292a0b2f44ef,0.0022001977332101806
ck_45cd5ef6b359e9b4,0.00037591532334154765
ck_982c2392238b7be3,0.188053216777962
ck_083e4ac78685c3bb,0.0022946055089882278
ck_729cc0b46cc2e546,0.09723883977058143
ck_f2b8995fe5402759,0.00013170797467345295
ck_73e24f5a8da289b3,0.008434014412734852
ck_bd85f30c36f5998d,0.011197474667963461
ck_ee4ff3aeadf912c1,0.0006059260811880552
ck_63d2978706e193d2,0.005121894321004092
ck_6a0684436a1e66c3,0.8775567773687541
ck_182dc4a2f5a366da,0.00040549972485098807
ck_e6fecb82fc2a82de,0.0005781168080962357
ck_cfb06f07394dfe64,0.00011247193564185
ck_7bbe1dc8add17ef0,0.0032715879296914153
ck_5cacad76e02c8e3d,0.6997922363863499
ck_ca68dec0c7df5a12,0.0011358777160601244
ck_e4c0fc52c82065d3,0.0006065991757870703
ck_f9197b070416f443,0.0005288582770674642
ck_2a07c7021b71cf65,0.004413536449732964
ck_4fa85cebf707de2c,0.000135495401477527
ck_0063d2a9507467e5,0.0015483215317538455
ck_ec986285fff05b7d,0.0003022515434715095
ck_279d43303708109b,0.0014244159131822714
ck_a406bf11e48cf8c5,0.015862797812301984
ck_064b2aa3f0bfdb6e,0.0014479436494604426
ck_95790440bc4bd2d0,0.007137309294559659
ck_70066eea13b4c34f,0.0016006030240754525
ck_19468fe07e26f992,0.9791066038542924
ck_86bfe328e0a533b9,0.6558383096115803
ck_ace3b96c977a7560,0.06147277094618084
ck_642344e5c652d8df,0.005326666682251675
ck_074be35c951ae10a,0.0078047336530032785
ck_f14dce41036486a3,0.9979054708748769
ck_5cf67a3a747e684d,0.615512028700284
ck_f7285b92648c1c81,0.0004571621863066311
ck_bef3193f124fca5c,0.11031670542379252
ck_05c4dcbb45de1f8d,0.0007009198873531963
ck_d7c28eaa05bb7144,0.003180744036899942
ck_320df984791a1b99,0.00044055739478950155
ck_f45bad1606fa00a7,0.001017116398664468
ck_6f81c199e986d9fc,0.0014861897782091967
ck_d0c9633fed57c344,0.009219267451582682
ck_a3c25d6cc7478068,0.005297947755261422
ck_4185506d12cf9fa0,0.0001900073004479059
ck_7a02ee1bfba7353b,0.006810156006469122
ck_1b52590757c0fbeb,0.0018279068854855519
ck_a0e5656e1cf9cbf5,0.0006599630924375104
ck_ace21f6daef94f6e,0.0005344611623327444
ck_646d8d0834782d6a,0.20375384329928217
ck_1f136a4476b5e775,0.00779408859461785
ck_325c7643cce02da3,0.006045081936812594
ck_9b5e7fe28208f5d1,0.000526224821156155
ck_05d81b1a150f31c5,0.0011699692139498516
ck_0e9ec486bff403c5,0.002914522084778298
ck_ee13c091bc379188,0.006538241768583904
ck_f7a7f8f5903617c5,0.0016316133653299753
ck_96c3a3517153390e,0.002922966831615831
ck_538dad7f096458ad,0.0004757826316571015
ck_8758fc6622bbb7df,0.00899012868912467
ck_f7e53af3c91fec64,0.002661927188171666
ck_80b50fad7f255e1d,0.00020982566419029894
ck_9645e7adc08631b5,0.0026647466418484303
ck_e007aedbf37d6ec7,0.004797736453885169
ck_2951d76c41de2569,0.016833808078516796
ck_9439bff87e616d4a,0.001737059873043852
ck_a73045e96af0e4fe,0.0012516240546406121
ck_7b382e533e2e925a,0.013670805089109579
ck_730226c2d216cacc,0.0007240311204251702
ck_bdf837d761a7cec2,0.37822553092083694
ck_0b34197335ba3341,0.004481074335654187
ck_49170c4b31a20f5c,0.0001785636167130496
ck_cd553ba6589d8bfd,0.002652496131169044
ck_56b992c6f136fa5e,0.006163875016430795
ck_8beae3d7328fa41a,0.005027537295601895
ck_1a065ea906ae3d6a,0.0038833464088466646
ck_e9e3381d5e0e5051,0.0005940384920267867
ck_a6d4f998dadc90c2,0.7577568864932349
ck_d36733da917115a6,0.0036580347554107063
ck_e738e920bbd74a7d,0.0016164810302701025
ck_af65eb885a51048d,0.00014090416291124194
ck_73f4eb09af29b1c0,0.005838914522831093
ck_8fc641b1750a2542,0.005072543202050137
ck_41b954c7a948c060,0.0006814232296192722
ck_25fc3010e8a0f6d7,0.0012069873169025403
ck_a2624e0387974e0e,0.004644283956280048
ck_5cb9d7b2329d5ab6,0.0100780891275998
ck_6c83aa1d100a7cd8,0.008063162237266984
ck_67025c64588abd1e,0.00021445655983704643
ck_f5dde68f6f0468e1,0.0003019570777785481
ck_46bfb2cfc29a6d2e,0.001155379204798401
ck_49dddb894d33f6db,0.06163857057268368
ck_f738b633b8862d18,0.00023385373107588636
ck_3d6c3c00d854f5a4,0.03413302852027878
ck_cdb8061d8d1a6c5f,0.0006079551460639758
ck_5e1b81848718bdc3,0.0025297818145118478
ck_8def763034187436,0.0009621546915876994
ck_8f8e4fb9c6190272,0.0025040235581033662
ck_368b968b5f33431e,0.00022019051830591006
ck_ba7e347251ea399b,0.003118623336689333
ck_9075432001a64e75,0.006434755722511199
ck_73c5371635aca173,0.8566680633988223
ck_81793387b38047cc,0.001346073185890468
ck_0cf220816e320ac5,0.0013557092618349347
ck_820219bb9c761b52,0.18233397601609508
ck_70a932ab39d86a24,0.00021294738908979785
ck_2c4be237a7ed79c7,0.0007152280887665192
ck_acc764b49ef02826,0.12508680725842683
ck_74c3c3452e4e7cce,0.0007407781402689498
ck_34dfb57e5bf31d2f,0.004836274794960417
ck_6ec39903f765956d,0.007101781558663919
ck_5986119e7d81e831,0.002698705771947004
ck_2ddfc948b8eac752,0.4262208128706745
ck_921ff5ceaf40a968,0.01799253130959977
ck_fb3b68b4424b5f92,0.03889311496001901
ck_c3db1b3ad4f16679,0.002142911595045803
ck_124a197be41687f5,0.003023465174927197
ck_c58d9151834f5bad,0.003178039472062307
ck_389607982eb6b701,0.7774226658989996
ck_fb0c138c003e933a,0.0004178125915071116
ck_50d0bb7edd8c69c0,0.027210993519188067
ck_c6cb651149dc9a8a,0.0007752021147249611
ck_81e21354e477eceb,0.020464282037694806
ck_7696e38b3e4197b0,0.000333728624989043
ck_586001d3ed9e7fbc,0.00017550655568604828
ck_bba413492dc46f2a,0.001336899484662153
ck_95b894380ad2702a,0.011323301427461786
ck_277621473369614f,0.9991731905097214
ck_a50621b5eeca84b4,0.000280595617717434
ck_bfa7ba218b988cde,0.016094198637482446
ck_5ea89567dfe78e4b,0.0046286294897112615
ck_6c679602a6476ab2,0.0008430959853679262
ck_d3885e286b3b11d2,0.03968020645659841
ck_cdcf6671b37c9c92,0.011277803841190781
ck_b5c93e6d34f8d366,0.0007014660245053759
ck_c24f61925dc158d5,0.04849463478606546
ck_cd09375e6c81d2c4,0.0010166537903685228
ck_a95afc7a00303a26,0.005071265076626692
ck_8e89ca8b39f3f8ad,0.00035754022285956803
ck_9a84b396aada3fa8,0.009342469527033742
ck_5124a2e415384945,0.0062336243588449365
ck_d66bb1f063357f99,0.0009689182781121614
ck_0fd9312411b0ac55,0.004105146083045988
ck_ad8cbe6e27e47ede,0.003414574862803301
ck_8398adeaf41f9cae,0.004692177587561467
ck_dcf851e7bb5855d0,0.00019319052119910174
ck_9affb0f26776b642,0.0004126564116686946
ck_f0424b3b36bdbef0,0.01978195086992528
ck_66746d1090d6d9e9,0.00038981133374826166
ck_e5f8c8a5824db594,0.01313404072708564
ck_3e91dcc209431984,0.00546362114605245
ck_126a82e8d42e5ce6,0.0007373209821659171
ck_38e4a74ab256e2eb,0.002091657849490105
ck_1225a97fc413a419,0.008206831849867893
ck_9b5ec0f78e160e65,0.0003527893496893973
ck_7c5529bcc079600b,0.004769220624853665
ck_29640fc2fe81c251,0.001028834227597729
ck_160e9ba0a3f7c1fd,0.0006792766269721006
ck_bff090cb4ab76b9f,0.001322812613799838
ck_aa06ed358e43db69,0.02612048110988854
ck_7264486eb512d84a,0.0007778935613807776
ck_f5a32e6160b28379,0.0005059989621951298
ck_4ba8bec14c2217e1,0.0009181492547170644
ck_610815786d729d2f,0.004482169052519006
ck_e267999226b6321b,0.00021940592111725364
ck_f3996a3c8eea1ea0,0.007789933898398536
ck_e9b75ed7567a3f23,0.008567206286987615
ck_d21612d48bb4f7b8,0.0036995030500864266
ck_1f871df76c6a995b,0.11324897284785378
ck_953bd5de48ccd70f,0.6102228170067497
ck_02a9104419a6dbaf,0.006624936941831028
ck_1eeeee651e05d535,0.06691343571392808
ck_e2ab04136a442a98,0.002316690014710854
ck_f0d806624ef3d359,0.0016513071575266639
ck_4b68b38c1b3326a3,0.0003586717635244532
ck_74e60495f8861156,0.004859907972202795
ck_398f3f4cf05c721b,0.000358968504915481
ck_f761b7650a0c1a85,0.003596339325896021
ck_7dadef33f5e2d94f,0.9921774192956844
ck_6ff6883633b8c7ba,0.0002374867664658433
ck_4d2159603045109e,0.0019574832249760962
ck_a38bd07a5fac5c9a,0.0005995828941955443
ck_f517f06551e69507,0.002906699256396778
ck_a7ea00a1760ad561,0.9977771038536936
ck_31fc51d5a3dfe16a,0.007557606157468068
ck_bac5233623b25ca4,0.00465392343715037
ck_385188ab27784fe3,0.034983433061871405
ck_9947a323bab5cacd,0.027765024741170277
ck_7973edc9f22ee7b6,0.0047551173799902395
ck_f97c477986043755,0.0002925314110339865
ck_1a3fd2cc4b4de196,0.0006677065066662979
ck_e18ac29ea62cb435,0.030945174318947357
ck_9720a472a3e0140c,0.0007287012335045444
ck_668c7fc7d7e47c0e,0.04642272878132472
ck_214af0806470ef48,0.00662590562087362
ck_a46c1773f01f0be7,0.0193405560690656
ck_f2bdcfb4203ffdee,0.03357307608252941
ck_40e84e6ffe788a4c,0.011616966731194648
ck_dfc6f5712d8d6678,0.017667860140080902
ck_01ef1036b2e66a4b,0.0026964440234215703
ck_3acfec10eec32f9c,0.0041299076959870045
ck_084a85145c15ed77,0.004181662660959237
ck_fcdb4fe2f095fba1,0.6147040276215942
ck_023908db0a193076,0.1310915758839796
ck_fec0ff92fd622253,0.007646759151277241
ck_c009c97d5fafbced,0.18469158100643893
ck_eb9f0c06ee017ee5,0.0024177002249755643
ck_d7792b429620fc24,0.002322175417511732
ck_5e9e149a3b69c726,0.001748801002729312
ck_ce927322ef8f651c,0.0019366066648955204
ck_b8fd61a8e82bce32,0.9928656993003336
ck_9aafc33fba1474cb,0.0004655180552432602
ck_ce81ff9b8b35562f,0.0006642313074912282
ck_25bfca1d8eaa152d,0.0008545620989298514
ck_170c65860e2a7e23,0.00377726942212194
ck_952da7ca9f33decb,0.002281828542012486
ck_1ebd574406235957,0.0010877192375108515
ck_589109a188adc2c1,0.00026032762789223986
ck_f0cbd5383bb07778,0.027495440771830637
ck_242521e261148fba,0.0008572089052559531
ck_509cece86a558de4,0.0026378436216074755
ck_0dd7c5925d28755c,0.0034760494248348294
ck_a7e669cf1c3985aa,0.0035540571455612603
ck_acb84dc2351eeb76,0.00023010950650689035
ck_b837c7dac2a9b931,0.010230594204414372
ck_18eb1f9181f95df4,0.0001453613331317051
ck_b0b9047dddb1ec84,0.6474282607626433
ck_43aa136bdb0a2832,0.21669717153861595
ck_3e47f8c56c811700,0.0035378462151969413
ck_77c587d24695ea15,0.013621406675577674
ck_20578ac693ea4e93,0.004299926375413173
ck_b9f6040eebd1605f,0.051982673209080815
ck_ca9d86f65cfdf018,0.002450531438396125
ck_a4fa8833995c716a,0.0010173497901267148
ck_f589f1e29301b5fd,0.0023973074219812446
ck_961ddb8ff55d868e,0.00032391752960663265
ck_5662492a54e6688b,0.009240575342659676
ck_ad48826c1c26eb78,0.5817547969500629
ck_621c9ddde6bf2eca,0.006545994641417519
ck_417a3500b2c717b3,0.001637253713750464
ck_c7e129058beb3ac1,0.0018966737252613783
ck_ec1c902b9b9b9c5f,0.20234163666190613
ck_317360ec0a67d27e,0.014727583912897984
ck_3e3ea5d8c4a229dc,0.043658357679537754
ck_d11d27de7bf0b973,0.5556653778158666
ck_d37d56e931105db0,0.0010689402679822876
ck_4863077723cd6ce1,0.0002107798587430038
ck_479a065d5903e9c3,0.0016545284717363873
ck_e66ae4fd586fedea,0.0013006139839712254
ck_192bbfd0d5720134,0.006284839355569158
ck_3b436cb29af99f3d,0.0009673538387161686
ck_7c7ca54969eed187,0.015123956887099384
ck_826ee896c9f1144d,0.06947763925934117
ck_ba1f6dd43fc8a0b1,0.0007673316898796386
ck_49685deb63e4e8f8,0.0016805383450419463
ck_687ab5d5554bfa79,0.0019172054961516726
ck_41346ccd9242cc8f,0.000358752216467211
ck_8f8e5e2b9dfec3d1,0.004479516273094167
ck_94d5ce61a0c50465,0.0008145872413132961
ck_6b954c75aad8c012,0.009578897481607077
ck_748af92828c9d288,0.00064326425504784
ck_dddd14091ce812c2,0.0058670666390367105
ck_723323f6870fab59,0.03097471462492535
ck_dbdf8d0708cc6718,0.0007517214012581518
ck_f04938570a154de3,0.0003900416969656218
ck_58afa1550b3b5294,0.0033524711190341117
ck_3b150afde386ecff,0.015963443053874333
ck_666b95e75d99ec4e,0.9071989253294954
ck_e00332597cf1eb24,0.01115252924619753
ck_9a9e3dac79280d7f,0.058396714263164756
ck_e8d37262e859d9a1,0.002948312267338883
ck_895bb39d24bc1c4c,0.0005916409289100731
ck_b367449195e36499,0.004086632239487276
ck_d23f9a50d1135ce1,0.010534916655554765
ck_670dc4910cf476c2,0.00012927200142175978
ck_3ecd8a5ce65e21ca,0.0015472320654606952
ck_8584fea2df4c6317,0.010819711588016884
ck_0789ff4562202b20,0.018976210440934952
ck_749e0e50c3907be8,0.00018221259274156445
ck_c3ff6790cc6d7e34,0.0016432335120781098
ck_75fb7e56432ee4b2,0.0004556348046401986
ck_529fc3170fd11abd,0.009200934690819533
ck_34a69b3b4a681796,0.20334100684976464
ck_255f0e5888ae9e23,0.00995975996551884
ck_65be698386474170,0.00022549966081748547
ck_5eec9ed855c26000,0.0004920906679821552
ck_5ab39bdc9610f6f3,0.8613231494096558
ck_1b5b75762f033462,0.0010056632528210162
ck_d3e208671cf37f91,0.9440562688220053
ck_5068ee554ceff971,0.009422248904953582
ck_d7d50fb57fcb2d0e,0.0005079659633241071
ck_ba6e1115fceaa067,0.014587989927544941
ck_d07bfb16a4a7dac0,0.8591288502532777
ck_ead68310311690c8,0.9019865862363946
ck_ee53ce862bc9c111,0.01093160262770332
ck_97e56e6037024dff,0.0001463124416559735
ck_80b04344c98ec072,0.005597530924852427
ck_5954f45a2ab45f43,0.007420083397609298
ck_18ddf7e836256e3b,0.003052514729128606
ck_89a1a780144d808b,0.004761572971709755
ck_a7331e8b808c39aa,0.0222583916615519
ck_a1fd0ad03ff9b776,0.005769570192346996
ck_c0cf50eef030b401,0.00010214197022503064
ck_074f20921189e7d6,0.0006265469667464145
ck_e2aa7be60794593d,0.07025946579024005
ck_72771757dfb7f7a8,0.0045580254272661385
ck_a9cd84a6dddfe584,0.007703156054721964
ck_142c00f9f8557504,0.022855459425612682
ck_221b5d40358230f4,0.004493559195167101
ck_a2d7a563f520b7ea,0.0010566888972819157
ck_66cd34bc568d95e0,0.0013959868375282133
ck_a17128972d3e507d,0.0036592987607114266
ck_bda299466bb2136e,0.0037785976084588587
ck_2b699066665abe8a,0.003557692435935414
ck_0ac9848bd4ba0c14,0.00017097387558625388
ck_98d2f9a6ba3a3077,0.8377174640529467
ck_a872df31b28a5f7f,0.024191900242987726
ck_7e73e1d44ce82ed9,0.0007179185616152206
ck_1a415416f620d49d,0.0006320868875535355
ck_c95c786d2f8b8edc,0.0021296068950092282
ck_e45012f22b7f91d5,0.000822322691846447
ck_aa0b083e2a6813eb,0.001300350356034376
ck_4666232ddbf77756,0.0009344110911744472
ck_e08e9c8ec5f23d8b,0.001089949844000755
ck_31d4c0518e5f52c6,0.0005610141718947344
ck_c1ab40638f04cb02,0.0017121682781201222
ck_4c1fdd1669c7cf51,0.0003864755267774534
ck_11662cc7940ffc82,0.01159935928409794
ck_2e679af24adedac8,0.000662003272518756
ck_454b9e21b7f25a4c,0.0007614736256984523
ck_355c4f29089731e8,0.90630728938489
ck_507e40760a24d2d5,0.01615009139141931
ck_0943e0f305078e34,0.9970130627741889
ck_abc54ed7111e9ed1,0.0006032133059872198
ck_a60fe02fc04407a9,0.006831736147788769
ck_244b897bb4d57c1f,0.002310396016399048
ck_8c84fcde93a04334,0.06307679107858316
ck_9eea37d2de633b27,0.000550290052370839
ck_b2cb9e6610eca967,0.0014405445398811309
ck_09aadb4c41b166f1,0.03943896297041206
ck_8d94fbb4828ef326,0.00026613573903893527
ck_089e3a07abbe3b8f,0.0007200917833053892
ck_dfee9de05e3971cf,0.0008878683565039954
ck_6abf8302ce052451,0.030901988767293467
ck_6ffa90143838a4a2,0.0004588433412079478
ck_325caeab5c7a9c3a,0.0007566199430343526
ck_1964ee9db929a173,0.9544418060138996
ck_942b95988a6245a6,0.012312112119171917
ck_913ecdeeb8e21a9c,0.0019041936988728858
ck_ecf9794349eb4b3b,0.047128941521919515
ck_b6cb8d6ae828eed1,0.011627783590115398
ck_2f82ea66c4f53b33,0.12722898847821895
ck_6e676daa4855b58f,0.010432800211926994
ck_2a37fef48b44e9c8,0.004168153938955126
ck_3bd12d468fdc2450,0.0026244890604556932
ck_1a28b6a40a6bd3b4,0.021843441591992675
ck_61b79dec96d15713,0.00018992560334833255
ck_31d5e3daced93d3c,0.004227162898443823
ck_e6c8611c0cf233d7,0.0007137267969957087
ck_f04761b4a937ac3b,0.0022728016741927646
ck_38c1c75cf055031b,0.02039519134465557
ck_59a561f3df01441a,0.0046183656864809556
ck_04e40f556a5062ef,0.0008651773173719598
ck_8409716d174635b6,0.0020625022551361673
ck_3019afee83342701,0.007896103858479216
ck_b51a58e7f032c9a8,0.00810196898918175
ck_5043e474f848346d,0.005553162384354258
ck_4388abce33ecd01b,0.332670766579228
ck_c93def7392f0aff5,0.009208221969698074
ck_72e7b1acc19df820,0.000922694456798554
ck_f253130dc3ca5b3c,0.00042721359132965534
ck_eb264d1b180d4b4c,0.01103828585989773
ck_c2504f5a113433ee,0.00015869234287211288
ck_c16ab1e4dafb4910,0.08535082664644371
ck_4bc42878fa180991,0.014034488131456512
ck_1c771a7c78f6622c,0.0076858239566245405
ck_d523f0e50a2747ad,0.0015850629723338757
ck_9060f4e7ab7a1b0c,0.001240391958670571
ck_6b55ec4e87a5e22c,0.033398715848759676
ck_55fc62a5f89a7251,0.0018235337780729785
ck_bd2545c62f258231,0.026781480675602376
ck_1ccdc69d0bb712b4,0.004272340231276113
ck_710f867a3bd5898c,0.00031590401795641727
ck_f91d48c40337d375,0.0006120989484808393
ck_f76d929541ed41dd,0.013681503762457966
ck_e26a6659c237b650,0.021840470474431772
ck_184983177b73dea5,0.001069979480376863
ck_6d0d081bfa8a0022,0.0019394523152835522
ck_2f6e64f638da0f97,0.0010860729358194222
ck_15b93103ccd38609,0.0060333585538877195
ck_094d10439b7b4eac,0.0018321560896519288
ck_d2ca47180a926ba2,0.0027411783762805917
ck_a69ca7b9d70972bb,0.0010902711123339512
ck_68914e67343a7d32,0.0016582160939002638
ck_8176616132458c0f,0.0012953485230686628
ck_eee99af3598311b8,0.01495525821197578
ck_94410eedfca91304,0.014354487923890557
ck_cfb11a0a2325bff5,0.0016198584373795068
ck_75217ee144b715f8,0.05161142580117725
ck_d56fc799542299b8,0.00023285825498122647
ck_4c352dd3e7c81269,0.005885249973217818
ck_e23e50e02cb3904d,0.006431747275293084
ck_b921af37d500e139,0.0022826591844994706
ck_82181b935360dcbc,0.9864537160409375
ck_22a7cf3b99c5e5fd,0.002632281666148939
ck_f67ee7910d532216,0.0058547794545824915
ck_5f48762a14a0326f,0.00032926639383469157
ck_1757fcb0e6e3f88e,0.01710078444699769
ck_2c2f080ba185016e,0.0056325788005638575
ck_4c25570eb72711b8,0.0014813637611550984
ck_a3be871ca22ac416,0.00213561388940305
ck_ab70961e7c6695b2,0.0022696761568997497
ck_a1cdebfc42a52448,0.00037043744870884015
ck_f1b80b821a20186d,0.007974312658202996
ck_ae668e4564cd2aa1,0.0017776383567956902
ck_0e2bc3a5afa439d8,0.021182994671011427
ck_3dc378f37d0b74b8,0.0010702075377846717
ck_9f9555197480d1cd,0.0008750630886717388
ck_bf4e7d48770a4a8b,0.023884106245575704
ck_614ef655f0685060,0.0012746661190650237
ck_04d2ea38ee27770f,0.00018624726711969456
ck_e03a9d8ac94161d5,0.0008132483913606337
ck_d4007b5b26d9d854,0.00010314034839373588
ck_2dd147ce6d61749f,0.006233861391710472
ck_ff45764ea7d6619f,0.009056239239536096
ck_dbc487cb0a6c18da,0.9406244986985018
ck_791d5392bbd80447,0.004900230376384414
ck_b4068439c413b150,0.0012221380293578055
ck_85df7b7de9700aba,0.0002687641639717659
ck_001e42551cd06e40,0.0009453310091792971
ck_a6c02ae50932cd9d,0.0010756040082131129
ck_9fd0be2c018ff5e4,0.0024818063344060532
ck_32a495128395fde5,0.0012699357318046716
ck_b6f2a2fd232c141b,0.001330988074820261
ck_28dde633692904b0,0.023682714594071428
ck_a1a93c5f375f6021,0.0007502109861165874
ck_e3982142336782df,0.00277299350833234
ck_a9812ff3c111ea94,0.029317876939104804
ck_f04062216f95fa00,0.0025440043551024734
ck_7c560467daca735f,8.461873338106585e-05
ck_76ee10d6e2dba70f,0.009101008041480762
ck_3521243bdac61178,0.0005527848413449787
ck_28588fb03b320520,0.007757899651341679
ck_580dcec33ec232b8,0.00526239017589625
ck_7109923fd7dab20a,0.0024380125183286563
ck_7c872c99481c1e9e,0.0007216838852590809
ck_46f4e1f5026f4d1b,3.9499606260522994e-05
ck_00d1ebc31ec4653c,0.0018107387789960787
ck_aac70764dde15168,0.017518281180449347
ck_648c03f9aa4e45f1,0.00892141187724214
ck_5478eb69ef912785,0.20931223645022257
ck_79b8523137bb2603,0.044654817195559665
ck_795c49f312640019,0.00018224767141312715
ck_89184bf7b7fe41cd,0.1874270001364899
ck_97d4bd922996fa10,0.003447601995107379
ck_1cef30d08f3a598d,0.0002196814483746213
ck_2f9fd36a4a40a6a8,0.00025663902209289313
ck_40780fc0f8d6f309,0.006996043328765507
ck_9083ca9fec2a7f4c,0.002448657052584079
ck_62081bc35aa59931,0.0037189725149379426
ck_2e1b46c5fc56b863,0.022988405456825033
ck_3d139692c51b604a,0.028805274338896732
ck_b5e54e22e3d6960a,0.000572889942455868
ck_c0c4be3f44311b04,0.0002208960004466041
ck_82a8bdd2692c2a5e,0.00028890428254660247
ck_bdd2da300b530c5a,0.006031246118771777
ck_ee40498cd97183d3,0.0009692713193567372
ck_70b9274473bd6dfe,0.00038967993714526334
ck_473d6314ea614b29,0.0006461236207814222
ck_7443d6dca8cd1352,0.0011163608400976191
ck_3b49768b448b071e,0.02340513925578094
ck_b43f04431c267dea,0.0002803396120707223
ck_4424a5223ba2fe00,0.0009710183660555555
ck_819bf3e8231f4081,0.01175719006456519
ck_91d417507a8c58cb,0.028958194945671593
ck_e88e86b19cada4aa,0.0027225483696481233
ck_59684167f9c6bf4c,0.024935811568150435
ck_d5f5b0dc97b9dc27,0.0018864006378522665
ck_13d1b192bbff8f32,0.0015446518789097169
ck_b21d8630387cabce,0.0001074177311405656
ck_e4ac22046699b99f,0.0006148960009485959
ck_74b848064f2ff45d,0.0010385674825254636
ck_166aa980cc87fa77,0.023855796745875846
ck_98e337806104dd88,0.0006896897147743635
ck_66eb09be007f0755,0.0022142203188896415
ck_3ec9b9d8dd7be11c,0.029171087898370376
ck_8b8b9de339d75d0b,0.004805894548423134
ck_6715139e240007d9,0.000219988497231287
ck_a0255ab46e122d2f,0.0003278252511304768
ck_66e81a4190c33510,0.002332786380540668
ck_5d75ea4f5c9080bc,0.879402110842609
ck_df69858b8a8b3165,0.0015644226442341163
ck_e15252ebd7553422,0.00036268580450065263
ck_34d6d74bb3ed11e5,0.011915863175316637
ck_c2608f78f6851d10,0.04165987296506796
ck_bb99071e8f58c8a4,0.5693966790871627
ck_06010f0df5b7cef8,0.0009970320503960718
ck_8c582eb0f6c0148c,0.0009316553867429099
ck_0034d010d28aea78,0.002542158837830456
ck_01c1f06692566ca1,0.004505324917803337
ck_4807726e797fb893,0.0070618501450087
ck_edc9668282e3c8cb,0.00410428366720049
ck_5486768475af7bb5,0.934631102029988
ck_3fb9813849e51837,0.0017373516118359103
ck_861af5a9a9a6d619,0.00048152755323842744
ck_da39653add0f1109,0.00016997462823292628
ck_74a4244eb1f162e4,0.0005543568585013927
ck_9a930faade55b8ea,0.0007501251159940527
ck_fb6e06ca88519dcd,0.0011225640833486786
ck_9776cd8263a9f415,0.0006805913306220634
ck_b3dd1198ac5aea73,0.005396975459635676
ck_b6675a04df1a4276,0.0005202814076985726
ck_5c7ad6e731b69333,0.229898967414172
ck_28dc0fdbaec00580,0.02835191081035636
ck_8e7a32f7e3905f4e,0.003253015082200611
ck_8563fed6674afc77,0.0036637341843087116
ck_9a2fcccb82da663e,0.0014398405181176663
ck_6a519bdac0d94527,0.0002634425880000262
ck_a0dab7aa9c4a39a9,0.0004931285482246227
ck_a3ce05e9e5e32142,0.0015059645793668304
ck_7a7e40ee3f97c035,0.022383553008051876
ck_9e9a830785112a73,0.006862756349790743
ck_ab1bb02f6b189304,0.152961924240986
ck_7b8cb0f90fbdc8c6,0.0006667133204045252
ck_b138fc249e659e60,0.006546981670755429
ck_e73caa3771ec5e0f,0.0010208886926988392
ck_18a55b06ccccd88b,0.0027855127542313687
ck_fdcb1d9265d8fec1,0.019214028858703193
ck_e21a900556b382ad,0.009173024071141496
ck_c6bf67470f526771,0.006274943926534966
ck_b568ba3837afb39a,0.00014623595475405014
ck_a2858979dd5645ef,0.00032027961264218115
ck_1da9d40837ebaa57,0.0018710792958493631
ck_9341c7959543c542,0.0002497756751305222
ck_c8ad86806b9a2369,0.005324217536726721
ck_5c85d93ecfed4b0e,0.002917876628195652
ck_f07b09879d697b82,0.0005793696250656466
ck_fe43da07608b1749,0.0010280693261606468
ck_4bca22b5926b9c28,0.00024393408440587645
ck_aba573aa942b1d41,0.0005828737604520019
ck_57c14e32fa4683bf,0.00015843044918289936
ck_891530b489ce402b,0.0011915516765472706
ck_5e74fdadb93ff293,0.013419213935789919
ck_14436a409ebcc90f,0.0011692414731861171
ck_00013fdfa0bd37dd,0.002295137597699464
ck_7dbe24ba01316775,0.008305164215692093
ck_0e3f80c1553c591b,0.003355052047310457
ck_3edc45db58760d76,0.0007474749784348604
ck_29076a13f539187a,0.417004767783198
ck_b1e81b58b9a545ce,0.021052012691607336
ck_3f8571d4f7420b2a,0.006163961508973891
ck_7dff6abe4bd644dd,0.3378290847352663
ck_2884bab237af16b7,0.002896774473580385
ck_231e6dd1fe708000,0.0008996182362051565
ck_33ecaa7b892e73df,0.0017510202373284516
ck_b109ec4c63503030,0.00039078261493696317
ck_a7f522382509cef1,0.0005993127963908943
ck_748b3ea941d8b3b9,0.0027720987565659056
ck_29f3a1737a2d9634,0.0022508085646214798
ck_cee8d42475a0f020,0.00025746228144517036
ck_c6b6ebe145a8ffab,0.0001254474916409888
ck_21c99e1d6b881894,0.0002957157528315189
ck_5ad798286384484e,0.0012318373694350988
ck_b621b6ffcc7f4848,0.00019432052077536526
ck_ea819e337233475c,0.6681960479483222
ck_9e3896c2668ce06b,0.002943612829333462
ck_501dcf1ead036d2b,0.001530225755679364
ck_8d5eda29a2cffa3c,0.0005295662619280214
ck_4d3aa36ff83f1132,0.8211748988872203
ck_8e9faf94e3e6c757,0.000749402877884271
ck_ce0ec41f96951048,0.0029336206704014193
ck_f09165d73ee903b1,0.001185442091274139
ck_a432b1bf1d3b3d5e,0.2249130989884194
ck_ea618f720ff0b4b0,0.0016526188785665444
ck_7584e7bd755cb28a,0.0006644151595418101
ck_e14681aad43e1a72,0.0023168931914880615
ck_5e18870d8e30e379,0.02357039273298484
ck_ff7c26a62bda8089,0.0002884668795108601
ck_cc5a35175d381d5a,0.0022368153133694073
ck_3c25029e40aa8a84,0.0009539657641566283
ck_771247b5bc16c12a,0.00028675544858008364
ck_664b5e02759f985a,0.00024545564859196974
ck_692a9e8f504b9762,0.00010503519438531062
ck_df8ad2deb0a4ffed,0.014454915426574629
ck_eb48c0bcd12ea654,0.0015355615547388605
ck_7c77e597c951cdad,0.0011144847780246347
ck_4f75144c6f3b13ad,0.003061501502572978
ck_1bcff399166d7c43,0.0006614057927254851
ck_975c2aa3d4a8c51a,0.00037711251296334224
ck_bc6f07b06aaa4ce3,0.2879706591198677
ck_80b072b7f3c7e8e5,0.0011767219576106845
ck_471e4018a23b4e56,0.0009413663661538242
ck_53cddfba570b4a3b,0.0034601546999655144
ck_630530e50764f229,0.0020158687267974526
ck_dcef7887a4f1e435,0.008148680066673934
ck_2795921a055643f6,0.001385080607082907
ck_7456df89f3792235,0.0009843447899647636
ck_5014a3b07e1f049f,0.5304241857703944
ck_d4ec44760cbe03f4,0.0024522156191447656
ck_96810ad39d4cb7b0,0.00887475741347438
ck_3222ea25aa29bfa6,0.00031076768256609695
ck_f6c42001b84a10cb,0.029711237898083248
ck_5ac86682385c86b8,0.019406055794469055
ck_4280c33af57eb4f4,0.0005699882460181207
ck_05f79ddd8eefaa56,0.001299933931420518
ck_3a57a13ce032a6fe,0.0002996305751907125
ck_a721f0d635fad68a,0.0010237786497263174
ck_a3f821bdf408c326,0.006634294738268346
ck_0ada63008be5685a,0.006183655532650232
ck_8c949bdc6e8720fa,0.09417985895660297
ck_c0d2c56f9c722e99,0.9918471875484145
ck_5d2b9e6e087b8dfc,0.9985609057784269
ck_5217b55593a332ca,0.016283265928826136
ck_7a7bb9be5a7e48ad,0.004729143017247598
ck_24cd0d779e866287,0.0009317115592650801
ck_7367917891a63771,0.005924272462514354
ck_4b31a8862a857e6e,0.961242168677281
ck_81429c4910ca46cd,0.00018126689798189533
ck_b35d803568f82d9a,0.001612461593469165
ck_4b00e75c2d2d0522,0.0009193006325465864
ck_77fced07f6dff42b,0.00538717994358296
ck_3c9a06eb07c300e4,0.000183913055314942
ck_b3867f7f494db64c,4.8532798291315385e-05
ck_0c45e54897ab34e2,0.006557905274894708
ck_507a6a580ab55c76,0.0022211018853930853
ck_291bffc7809f896a,0.00024961431815453044
ck_3753cc5b9d02e2fd,0.0002523702026042479
ck_4f63d5245b3ac1dd,0.0028784644422613706
ck_9dfb2ae78659240a,0.0007193739475815683
ck_90f6f5ced708aa75,7.821170403631964e-05
ck_8b5b5a6b5539e39b,0.9399996703874142
ck_4719112b55d20161,0.002358292595872647
ck_fec888a7108ca52d,0.9950965043969378
ck_4f5d022c99f118b7,0.013410103992005705
ck_e967ff05514b697b,0.0029142398844163686
ck_839ce35819bfa4fc,0.0005133162471399429
ck_bdee1221b9addff8,0.001668022211404226
ck_9cde4036d0914427,0.005261611311804608
ck_5ac959cbcc5e98f3,0.0002862277680650167
ck_619842688294dabc,0.0007165321421340673
ck_7373d7b04c7799bd,0.01029316825360989
ck_c1dd3feb9a0b6471,0.0021957281818825655
ck_0324a4812ec319c6,0.0007169744167882404
ck_7f3685aa2933b251,0.02381681292299644
ck_06aee5a62a67a84c,0.21339161702835793
ck_3428910b44b9d08f,0.011714848354349716
ck_c3ba7534cefc1de8,0.0007155221285318453
ck_1f1273a67cbad5e5,0.7379537678548326
ck_124565a11b2f8bb8,0.0013344928389560436
ck_38e46bc861e0165b,0.016151562276985772
ck_c8ad3f01319c065e,0.09425460901094265
ck_3f94a34f5038f7c1,0.8260646295955825
ck_cee56be5a502fbd1,0.20572261022962124
ck_2b90b76cf4d162f9,0.005482585014045433
ck_884b2e463ff1d54f,0.0005057391602385731
ck_fab4f2f8531b4827,0.0007299960906611199
ck_4fc6256e0e60a926,0.003609928352774252
ck_0a2f8b2f8a5b6f02,0.0031253405776352607
ck_9c0deab8a8367c5e,0.00038414597984126635
ck_d3a2a4c011fa2554,0.0009617921069084414
ck_4108b4038f762817,0.041053425733360856
ck_4df036e2aa7e1056,0.001236080109543426
ck_ec094eb1cbb3efc5,0.0002349244487302595
ck_09f8f51bfd2492c6,0.0030586162062156692
ck_b60fb9a10d6f4489,0.0025613006285253002
ck_3638bc3388dbc1bc,0.10160305756072585
ck_7a58e0cc9943c39a,0.00025788315881539723
ck_37dab6a0a536ed49,0.006916618147153399
ck_adc576690df5b33b,0.004966218721850945
ck_1383b2b1875000f2,0.003967371054677064
ck_43c1248db37a2eb0,0.0006269143577153829
ck_29c11bd68858e923,0.0003782279362068572
ck_9401f9e11f65337d,0.005251887357163293
ck_ce5ed372b1a2ed6b,0.006152773723120635
ck_08b4619490e751a8,0.8741301045391507
ck_44b9125526acb05d,0.009120145545079809
ck_ef1a1de20d2124cb,0.010562430197247074
ck_e5e2624b7fc89774,0.002389531817361704
ck_f5100511609b92c0,0.00010338958337355355
ck_64f3bb17101b7c42,0.0007796387794482379
ck_ea1e5b5128ecba2c,0.0002805943382131696
ck_516163fcf04d5e77,0.0042001863564532175
ck_7f9a748110d70005,0.0023218137323696908
ck_d263b55f0a681cce,0.012162550394585303
ck_0e962eacf98a813e,0.0010522087948854266
ck_0406931800e0e2e6,0.010134519926186181
ck_0e9b982afc88a3a9,0.9975253991608388
ck_8bbb625384edebd7,8.284843420809062e-05
ck_5eaeb87bf6207406,0.9794020526500997
ck_cc3318839c4b0745,0.0006449467287859223
ck_08a0355d1f1890ef,0.003789615392847269
ck_af7ffd1a822460d3,0.11321376883227552
ck_2a09c7aa870edb6b,0.00028439599923346486
ck_bc04f51c23290bcc,0.0037045187487946855
ck_d3a8333cb389f4c6,0.0009211414514755077
ck_88e3dd3039508332,0.002587561445793543
ck_b8c7771de9b57705,0.0026264171158211624
ck_585ababa02383b50,0.0005333022091847032
ck_e988c108754cee9c,0.00400841731460249
ck_4a691892d9d6cf89,0.006031610487586368
ck_7cdce37d895eefb8,0.0012494731018364783
ck_483fb981a1fb4317,0.0015589646477261097
ck_c1e5182bd99e0e35,0.06536239722291266
ck_9a1e3ec9a1839939,0.001061941583356339
ck_5c3f13de0dbd5086,0.0033486210245615698
ck_f4f6f0caaab70040,0.0005732767028483415
ck_791be3378dd7d64c,0.002375403231677428
ck_956dd784525f5886,0.0020635443390922834
ck_098167eaf124c279,0.0036776274096870024
ck_33ecff7914349ebc,0.002387977479472168
ck_e05d44e46c7174e6,0.0013917264561840875
ck_1b2ce474fa6582b4,0.006612439456638315
ck_ab581082e8f72e3d,0.0005000425230197253
ck_e63256667aa19070,0.028605839703235127
ck_f568772b6cb3febe,0.001741972529955817
ck_dd89a282375bbab6,0.03932759467371272
ck_a39d0bca345b492d,0.0012135703290881417
ck_d12d2924d0f7a64a,0.004202931870117709
ck_6a548da1728b5823,0.996603497342362
ck_6d64193681d2a94f,0.005184315289929047
ck_ced6b6dcdc7c201a,0.004466099227532036
ck_d1b0699d26282871,0.005775930005404514
ck_58f757e40a9b8877,0.011798629554945022
ck_3272c2c4a37d5220,0.8699014932012178
ck_d94dfde9e03c9d1a,0.0032134911245849736
ck_08a6d4903a7fbaca,0.0099687714238146
ck_6c72a36b05fa0f4c,0.005195291819649939
ck_dbb4bd4eda97255d,0.0017169263815604594
ck_94b59bbc824b307a,0.0006836299467908701
ck_0229a07185f15469,0.0016673648360046175
ck_11bf1039f8b3025b,0.0005685411320649336
ck_36789ca11459131e,0.043651674812091625
ck_8572c5f5c1447c62,0.003227265760930381
ck_9e75c6641939f4fc,0.015556259419937707
ck_b45e47c39d4dc7bf,0.0023221448187217557
ck_02903c48b6cfd65d,0.0007833647367012325
ck_b153386f1729de81,0.000594584561937509
ck_36979996f33498f7,0.479439663527796
ck_3c02d4dbbf6716b6,0.003367831016980863
ck_66c9a19963957531,0.013430865838594642
ck_bae8dae7cfd8baba,0.00032847654533570115
ck_bba0ccc6cd968680,0.0032366318604108765
ck_3267fe3aac05c71e,0.0010171880170857018
ck_40052cac10562cde,0.0037479867551091575
ck_d973444855403e2a,0.0011600482635138194
ck_012519bb095ad36b,0.9955539034583666
ck_ad7c256ea10c4a00,0.043187388627984706
ck_70a60e095e9b706f,6.56458861132604e-05
ck_f2734417c0db4ee3,0.005635046385689969
ck_9cb89cc3178e0172,0.008834953527897507
ck_779cc0f2de4d5488,0.09865058791404614
ck_35f8656bf93e3b3d,0.003706994943421324
ck_bdd8eba728800e29,0.012614572543093979
ck_002cf760d173f0f8,0.0027984144826205515
ck_b046067c6ca3831e,0.00025605991124635886
ck_a4a42d4bff8af645,0.0004513586537383878
ck_bce253d2396681a1,0.00285668002727227
ck_00dafc060c8de32a,0.0017101341215586638
ck_968a99e097ee78c9,0.05005247447292526
ck_66949171b387bb93,0.002931297581890849
ck_ad305286702b1958,0.0008450722040122408
ck_4732da7e0d2dfc7c,0.000596964544091993
ck_17a95bba77217d85,0.017471155481771545
ck_3e2516a3e35067e0,0.001883033504372525
ck_0b615ed566da1f58,0.0050620438270929415
ck_d2b3ce1ebabe9f93,0.00585154376305124
ck_a892252e4e0c2828,0.0004341841678113114
ck_cf606fd6ebfdf9bc,0.00035165039081367185
ck_718865237134ebe8,0.0002794386942549947
ck_878522cb775b904c,0.01275939174902628
ck_9ed53de6ef779ae0,0.0005210174018094835
ck_3f16e2cd7e6874cc,0.008175269944847014
ck_3c59df37895ead2d,0.0010106316471310069
ck_6821459b626d492c,0.0007227550534508206
ck_11c7667920541587,0.0008607872290977134
ck_23a016cf6b98d89c,0.09304735483643611
ck_7137eeb394d200f1,0.025574661703642598
ck_9c4886c5c90ddbdc,0.00028380398400213575
ck_1422a7bf7756294d,0.9709608108208618
ck_7ebc5fa7f0d3b8f2,0.004945397941635553
ck_fcc2059a8d5c41fa,0.07735094545972182
ck_00ff7389d6a83e29,0.02015698522100998
ck_03129b41457795d2,0.0034629558989252066
ck_38ba64efa7c38250,0.007038851675023455
ck_57a6b56b09bff24e,0.0009380587943586764
ck_e3b3c5a80a567418,0.0003197831439394014
ck_fc40a16adfced018,0.0020058749826196024
ck_9d4b5e6b43bad4d8,0.0013318341238065352
ck_61129937ee466b49,0.003457168771447414
ck_74112e47b8629c2a,0.005372397993944898
ck_b4703ee97f94d7fb,0.00030382003523207437
ck_e560f720a988d8a2,0.6006292663873753
ck_708fea345f68037e,0.0011547730992020257
ck_25394c1b83e0b803,0.001692606627016957
ck_17ab24fe914ae44b,0.0011369923392274453
ck_16c501470d9bb006,0.001276115127759743
ck_628f449e248c19b7,0.020663079918142202
ck_6d64190623dea714,0.0006208157597719848
ck_504a45ee08db72b6,0.002415936101767095
ck_6cbb011e0c70bc7c,0.00024296173778279802
ck_b3225a98acd04f83,0.0003382418026417581
ck_aa37993f1c17cd1e,0.004638492594758105
ck_558cfe5f77a55a9d,0.0003876451330978797
ck_0d0a1a021efea5b6,0.003225175228759695
ck_daf7aea023b7a8f6,0.006429737030335388
ck_d75f25184ece2b51,0.00043777145698470295
ck_466d4b5366c50b98,0.002095178957370881
ck_88f27ab479063852,0.008636823733700325
ck_66779098e78c1760,0.000868442607246172
ck_b150fe4efb449b05,0.0006690184644861265
ck_9c3aa9f23d01fa1c,0.00032862345163150373
ck_6a01c375fc26705a,0.000737747786496691
ck_002eb6552b504ea1,0.0017472159450266016
ck_affa5aa0bff9bb0c,0.001751753037940295
ck_027614eeba8b1a4b,0.0009986660831627304
ck_67e075c982add719,0.0004525316406391529
ck_399b0d510be98bd2,0.004090572211418143
ck_e9b0bca7368555ef,0.0012181214046910061
ck_59c29d9c57b4f994,0.08939328211317793
ck_37176850ed68831e,0.001839682855768286
ck_a0db4ccca08030c3,0.6005691190805781
ck_aa188e5c25f7f42a,0.0030012008473703057
ck_7de6997178207800,0.00011437766842689975
ck_c729d19053387be9,0.008507200929845709
ck_f2d3e3d90608596d,0.07551575134313625
ck_2db3fb565e0211ee,0.00024599598549873084
ck_bed8a480e27e911e,0.0032327706982112634
ck_d7ad9921a4d25926,0.0038649000130907205
ck_2a59f23fc5194699,0.007711446624939903
ck_63601a58a6120d8a,0.006234589024869411
ck_efd7b9e22c6317d6,0.0014954408967317412
ck_9ab42875a0f95b43,0.0076626454507722685
ck_85cb5033fca7c846,0.02316243870532302
ck_5249b223000915ec,0.0028016578113992346
ck_3efb0e9bf25612c7,0.0008169397762301249
ck_678e74532ac19700,0.0004406765064895773
ck_a980b296c95153f9,0.003883447896473392
ck_01ac687ce0d696a7,0.0019839905300207484
ck_52e1418cf1aa9871,0.0022280538227393383
ck_7d28da4f1dab09ee,0.01754835936400954
ck_010d0c2e6c1657fd,0.045854344523855464
ck_b524f7a2e752b9d0,0.0030660896559462874
ck_cc447fcc24a0772b,0.422820924073281
ck_2cb3c99845e572da,0.00013696959281363504
ck_604c710141327a81,0.00038823603540567034
ck_8d5fa65717d2e0c6,0.012224597658114003
ck_31199510b40602a1,0.0009878157924265861
ck_49e253ea12f4e922,0.0042327497560867115
ck_780738e0d71e7e43,0.0002798188718713532
ck_2cd21137a07fdd7d,0.0004242373914186291
ck_5e021f2a3b66e256,0.014137959597739192
ck_efbc79246e32c66a,0.0030576800307011145
ck_9951bd806c13c7fd,0.013706471933704927
ck_7a52674e2806d8f5,0.03524156222243819
ck_1a319e509f1efa1a,0.00030924935117543535
ck_c920901b9a4ba993,0.879097316921273
ck_b71279e807d0b3a7,0.004125931741483465
ck_47e1032f490bb018,0.0017104419832680562
ck_192579ecdca7ff83,0.0022962426489899655
ck_b1496c474c4a3239,0.00020663115909271324
ck_5e68ea2c5e893cf0,0.0057422711936068425
ck_f2ecab85d4693b4e,0.0035258039124914774
ck_89d7bfc81c3df597,0.00942537552773762
ck_7929284327667791,0.009299794588826906
ck_494ec63c5ce8e150,0.002757241800322523
ck_319b059bb2145586,0.024869036307922834
ck_ccb3767c239018c1,0.0004271201920861338
ck_a1c7adfe26e09a8c,0.002092585049772638
ck_0e13c4f73818149b,0.0017735054966546997
ck_c285a51ed6214f52,0.0015383898929015977
ck_916784595f028226,0.014251871527828225
ck_6cd8e0196365c474,0.0017761885774089231
ck_57b657aba4daffde,0.05803958718308446
ck_562c76a3753fc7da,0.7317057931712686
ck_66cfc1ebc9a513c8,0.00022421389741862104
ck_0f38d4aed68d7d24,0.0009218200520679705
ck_d8ddf5e99f7859e4,0.0010344272479301986
ck_41bc3efa0fca700e,0.009451601773586765
ck_40799e129fcf42c5,0.060452916045525946
ck_786f079389126e44,0.003822574517285532
ck_bb4c6b713eb0b978,0.003886339217720773
ck_4f01f7eac0efaba5,0.0013552163537589178
ck_47d29c01b20cf69f,0.0005439413769883488
ck_bf15a1f8d67a30d3,0.0007172130345961631
ck_bfecad7586f65e4d,0.0023068354003750093
ck_fc9f16df35190eb4,0.14020178207817063
ck_c09c914e416edd08,0.0009333400423273098
ck_c54c5d8e4433b0f2,0.0004424659829645405
ck_1694c28f44480e98,0.0011925705963780535
ck_1dcaa3078dbb7571,0.00046486153255711034
ck_af559f990c640e41,0.004364237208089806
ck_9b436162039a77d0,0.047986935441552976
ck_79d62ef181bd0cd8,0.0013268902877397021
ck_23caafc2cd34242c,0.0014907733615619192
ck_ffe2aa26f597e552,0.0010443222760890337
ck_e6ffd0754ac08661,0.0001703152481058229
ck_beaacb4a783db21f,0.0005548885468982198
ck_9863bff41d24ce9b,0.0001938537983806744
ck_323b9cc5c49f8ea0,0.03781127295220612
ck_ab3de3d3e41c2082,0.0022238551600001445
ck_35c93b2924900376,0.0007706905706956917
ck_5a9d5f9901e37e31,0.0015480295454155075
ck_782b0be796164335,0.0007271388759703279
ck_11960b5f1c7a5e2c,0.0004941985677574249
ck_9a66cb13a9884cc2,0.0025445641168392744
ck_ba666a425930615a,0.0008072839243177819
ck_40140bef4db73741,0.0076123055576972284
ck_e05e91cc180063d4,0.029992297279079264
ck_c7f6f45710bc050f,0.0023486762202698077
ck_055fb9f2e1c8c934,0.024266957532173814
ck_58bb02d98e2b9cd5,0.0030810791636301975
ck_d9f8efa6a7800f76,0.0014086886049511512
ck_69691226c68fd50b,0.05322142705811539
ck_6f2f0396e5b1c538,0.9848047955401424
ck_78bc3f1d0f35ea6c,0.0029687700022980744
ck_2d5a6b6636a2596b,0.00043397451686874556
ck_7878545739af0a73,0.00032549027777650785
ck_03c4fa4f3ed3512e,0.000591633914076032
ck_1a9e51d092d62c84,0.2078639648861076
ck_9f3861940d8d873c,0.10461251971365283
ck_4684fdd61c6a0fac,0.004605504382904161
ck_715966f86d5c913d,0.0011716357419582681
ck_77f293d44b4a3d2e,0.0034752483318388036
ck_24dae044dc05f849,0.004615218048968159
ck_00b9818e2064405e,0.0148242077017772
ck_c1c2cb49c3c1b0f5,0.07071763308856861
ck_bed50fc64fbbf8ec,0.0006218673460402556
ck_4f6ed5ea5ab7c429,0.0011345155496983983
ck_458531c22ec2f9b3,0.004630542069364497
ck_51c50c4c443df31a,0.5837926667559078
ck_732d45bd578dc39d,0.001927079327063318
ck_783fe5bc20cd02db,0.01641474785107899
ck_7f188aaa63d1d442,0.0004085772532918169
ck_ef307a6aee38d1fe,0.8787156637036717
ck_e37196b20968b73c,0.007307228476141215
ck_4ef9de711c3d93b1,0.01259177066119399
ck_17946516d5df71d7,0.0013259647610999535
ck_3534be0f4efd313c,0.07336654788607455
ck_29fbabf855cabdff,0.00023420182583385038
ck_191673540d8486af,0.003112866394974228
ck_5f52728d777ff2c5,0.000718671577604098
ck_a045a19369016818,0.9988871908080096
ck_4eadbe7298b15e96,0.002405697454580598
ck_a3a0bd59729fe619,0.001550448682726524
ck_a1e77090b1c6ccf4,0.0004592604872036041
ck_69ab9d4784eb77bd,0.0008470204040814733
ck_baa47383ffd50f04,0.0007201691689736198
ck_e35b2ed08b9e55a7,0.0015656234564342172
ck_b6e3af0a5119d9a0,0.01714315921286705
ck_a7c1dabf3869772f,0.027368814625365098
ck_80b8fca67a14e0be,0.7845737878404918
ck_dd9c5f0c42878e67,0.001287377701487942
ck_41ef7967faf5ce82,0.00022646889257016983
ck_a93560aa348d6225,0.04995887799475664
ck_ffe91d6f0bd93fc6,0.02507199702134149
ck_fbf630c960194033,0.0014359335776878489
ck_497ed60723283c0b,0.0027519529495295897
ck_2a46b7ca55239413,0.0006840094193650178
ck_1a4e5ace078dd782,0.003068322917451678
ck_616cc31910f5de50,0.0028230262134808083
ck_0d65bc749eb42710,0.0020743824557633034
ck_2408db62e4395ccd,0.002713350565519759
ck_5d7721930106dce8,0.0034654024707013197
ck_e8a6acea22b20312,0.10144346902255186
ck_e2f792fae128b18e,0.03339992687414815
ck_e6d3ce445b86003f,0.00033377317498934234
ck_263334d722ecbc97,0.7957849436038643
ck_8c5b29f6666d4874,0.1332946955393609
ck_7ea0bf310fc20c7b,0.895682809331363
ck_54d463f7fd89ec3d,0.01831023243509897
ck_79e45040dbdd6447,0.003271440469838905
ck_60b4d59953505682,0.765833664821213
ck_fb00dd5021642507,0.0021388840478156496
ck_f409ff994a210601,0.006754636351259314
ck_2ca0020038bfec58,0.055628513227291336
ck_adf84b9df54c3d80,0.0018438836201069807
ck_942dbf632591b65d,0.0049575581419386465
ck_454a7e4d859a3409,0.0009821867792485074
ck_2139062d4569aa07,0.0012042549464628537
ck_e949a0f4df0b3902,0.05721754307138354
ck_bb113e3e6716ed65,0.000999957378248927
ck_6a28ea6ce69cb869,0.018069516880015925
ck_7df9910af2bba21b,0.0013711972384614479
ck_78aa4b731cbfe251,0.0018031763480941252
ck_5839f5cbd8165b1e,0.008596831483150304
ck_7158ad9e58769ffa,0.0637564609118275
ck_acee218cbe61df69,0.01644614558754421
ck_f8dc8473c2772729,0.02055844616780438
ck_f34c93a8173555b1,0.004603002465302051
ck_7cf301d075e4e709,0.0023339274363707806
ck_b87e88ee5512ea17,0.0004677204150367767
ck_bed0c020b10afa3b,0.0008363105471481962
ck_ca10102961f99eb4,0.0007245813367685063
ck_393287947b5c8d79,0.001437936272574602
ck_2fe6cac002142f67,0.019235858045054396
ck_79c7f0d29b1db1cd,0.004597223399850463
ck_c735b643d3cbf67b,0.0004777536902472691
ck_ea4332c8fe48e2a3,0.0012021188981030618
ck_d39864119cdd460f,0.0007421974845391869
ck_3b963d6be2773861,0.0006666354624873261
ck_df39e3b8a9fd0bfd,0.5954511601548651
ck_6236a461dc0d11a3,0.00035203770339998136
ck_475ebccca25e30d1,0.0011481582223348602
ck_c10c8bcf5bcd516e,0.0232304905735041
ck_49ccc3716a564256,0.001279473328396486
ck_4e4f99102f6938cf,0.0015566669998780282
ck_a97b481ade6f7972,0.01180440609437266
ck_3fa559c679751b3a,0.003688735755105433
ck_3eba1fd2c7acc4c0,0.4988203545210392
ck_18c179b4afc4fccc,0.0036607948610436936
ck_cc1c0b93d05b7d20,0.013887064031878003
ck_742f7c28ddd019e8,0.002625347055812309
ck_04470bc93b8a0d71,0.0023976270484273197
ck_6e8f8ef7a03cc6bf,0.009683775371187303
ck_eb1ddfc353b4da83,0.00020133938467521695
ck_98831b57c7ca2e4f,0.0003192434329534213
ck_a6c7b8d6e8596d4f,0.021081666087449456
ck_cd7d24e3b095e96e,0.049113471147491844
ck_3f5ae4673a9f858e,0.001630690367576294
ck_05f375fc8ae0afb0,0.00080383557949701
ck_1fc98436281ee39e,0.00028276455787311166
ck_6c48c58678f64bae,0.00017876070789946588
ck_8c95aeec6a4c75b0,0.0021730484385771276
ck_364cde38958b7af3,0.286017117102861
ck_85bf21aa1a00452f,0.0007457631056549898
ck_796d3eaabc667c23,0.9990696929802758
ck_ac449ee0c315edde,0.000667711227614804
ck_6f9fd15ac6b163de,0.0002498519310638106
ck_4087065be2a45ad7,0.32104516371063524
ck_ecf006bbc78ee3eb,0.13861293666630461
ck_8ca808cc5a49cb5c,0.001718170664349789
ck_94b90ab8b2dfb50f,0.0020384046870990146
ck_59fd11b3232de9dc,0.8671550865048966
ck_67f3794d93e2dd67,0.1042282277165906
ck_b7f5acf5df1bb13e,0.0007781535721915076
ck_fb04ecbaebb774bd,0.0004432027877072479
ck_68ef3e7301c621b7,0.0010632360788825964
ck_41406cfa209b6bda,0.0010873701902927367
ck_b0f8f5408662337b,0.000322178112638992
ck_0d2901bfe585c391,0.04836314193162992
ck_3398551e81dbf3db,0.005650367362603148
ck_61c3e3e277629646,0.0016711054848858298
ck_2825e34dd3e7ea2a,0.0005117681338750556
ck_20d7571ba830009d,0.0010357706303586354
ck_c98b16f9a72a6568,0.00042666004486992325
ck_e7c8a9e4641eb9ed,0.00027870378221133823
ck_254a7c97c36dab8d,0.0017250772758899595
ck_e98429675b46272b,0.0002560171328202202
ck_c2fc0ac460786d02,0.017440239527796927
ck_fba15647b3a140d9,0.0016719203624322508
ck_15ce50f2704227be,0.0015358294912782128
ck_8c748aaa4a4554f9,0.00030925603151533314
ck_e00e82a9419ff086,0.009083756589817736
ck_832341c98254bd84,0.004448019113898498
ck_27466468d06db4eb,0.0062957983576915335
ck_9d7b9e3ff1f3e71e,0.0008217104556884897
ck_42c6973d3a6fe983,0.00046004431763132755
ck_877c85bad118bc62,0.05335290287870795
ck_75d2a2715259c4d7,0.0046976987759297754
ck_37d3e5c681a2214d,0.07416899798532282
ck_bf285dd49f372de4,0.0019447149258436669
ck_a5bdd026fa9c50fd,0.002526009217494323
ck_88d9244a9cf7a77e,0.20336789681404321
ck_5881b174e49b04ee,0.0008995170214952862
ck_5b16d67c5ea89930,0.002727524425269525
ck_b75b936aafac56b9,0.001469168680530215
ck_aed2681e1646a0df,0.024242990563661353
ck_f63cb5e8cc702bad,0.0007934613119672924
ck_1805fcfc4a9e4ffa,0.9360317666302065
ck_25c355da356c730d,0.004310269563463828
ck_70396398e4a96449,0.0009840660836661127
ck_0f743bd13373748e,0.00240819484434483
ck_4b387765f0e916cd,0.00024026241553008455
ck_e971faae8a10a260,0.00044679336944796627
ck_9eb08369e983abfa,0.0003481683071771236
ck_c30c5844512e429f,0.009050998198419893
ck_59e77e3a81f1fa0d,0.0059575350686891255
ck_ca4465f2b5c1a52e,0.9936674693208813
ck_c89b9ca398402f1e,0.0008294257102603966
ck_36e72ef9273e7a95,0.0013874262504783106
ck_2bdd8616870e5e1c,0.0006303014464909836
ck_216e87a41de22b5d,0.036723857892139486
ck_60f4fb44f5efe3a0,0.00046058155069214233
ck_05652e8ace6ce6cb,0.0002893888075775463
ck_8c136dc691e65695,0.00016179566435031972
ck_a08f8dfadbdca112,0.000647222399871743
ck_bda4041a3e90d860,0.001583889925768556
ck_15dd3ecaa8ce0245,0.902425915478349
ck_3e3c64b3b7876ce6,0.008717256762544524
ck_46225858a38b2e57,0.0007757268733152106
ck_0cb9f54928f4feee,0.0023832504861956744
ck_152671fbf8a9a78e,0.002667390877022029
ck_ee7a515e87d17d4e,0.0008714222761222364
ck_f7276091bf513d22,0.0002530467169856669
ck_4f05daf1cf0d5755,0.00038730167236072124
ck_83a69c4a5d55ef19,0.00638627782545059
ck_c50fed2a7c9198c0,0.0018587363259826703
ck_70d19d5650ddc8f5,0.000885661710019181
ck_4b4d99e443618904,0.0015894756122407877
ck_dca0b6ca93311ca2,0.011947564964601351
ck_b7431d4706461ec6,0.0009498015607668536
ck_7b59d22cadef3b05,0.05569762911026237
ck_53428573abcd606f,0.0027498131456772526
ck_f538ab6aecf2adfd,0.00021665309230597761
ck_d321249fb065d2fa,0.01577172238272529
ck_72fdfc7e6d8e1436,0.0001756053983870424
ck_b52b99dad89ecdfb,0.001922632757019242
ck_d2d4282f9d256b3e,0.0011248738244875258
ck_c8f2a1dd8a6141a4,0.0002317832688144481
ck_8d38747058d0aeea,0.7518647732300102
ck_3ac528caac74f563,0.011453416241080176
ck_8dbaaa00ad829ca9,0.0018296676619478423
ck_7c38ec898f0fc21d,0.0007518189106417134
ck_8171ef803f5ff604,0.004886263660606789
ck_01a750db6fc1168a,0.02239834313262779
ck_ceb017baa26e98c8,0.025922880726592067
ck_e2c66c72cc0b0f78,0.2495771561309992
ck_8d9518f64b222416,0.0013053889424475221
ck_804c5a1fa5753617,0.0013692111288961092
ck_fca7cc9c42695453,0.0012281170163803085
ck_3a632cdf2c19051b,0.00544949888418138
ck_b2b63ea65edf1dde,0.006987349556211471
ck_27b07021500ee841,0.0013410915766968057
ck_9724718fe64c6557,0.9968103041681295
ck_2786cbc3e75ec034,0.5905505017554444
ck_d9c2622cb6df380b,0.0009795405964977688
ck_ae1da8ee98e402a4,0.0008338053441083657
ck_62967b91504149f9,0.0010891581091018862
ck_6b255bf68709109a,0.0028896941882380557
ck_c55afc68421d85e2,0.0013899764526369104
ck_7c7266f6ef2a8466,0.014445768653103198
ck_885cf685a9541190,0.9476528351182
ck_1a4bb7d3d2ee3227,0.0017378823973408764
ck_b4911c42f3bff740,7.494761770185576e-05
ck_66f9f78d4c6a3edb,0.005149455535640727
ck_49bdba9ee1899dfe,0.0014541071169190249
ck_79b235d51718435d,0.0021248326272162296
ck_d840db8cfe2ef6f1,0.00016101851986938246
ck_610c7bcc1cd7ecb0,0.0021747218075771073
ck_cf49b6544aff6c50,0.8450305443450202
ck_de05f97c3d40dd1b,0.007322356990061706
ck_0302f67d75973dce,0.0013094994935169513
ck_54c2604c9ca6256b,0.001059106447766996
ck_a1c88c0568f142d0,0.06535703058272892
ck_5d72ff6cc2963d1a,0.0006696449800742453
ck_0446920a1004c596,9.387173910352966e-05
ck_71044c29ef071570,0.0009751055304488298
ck_2122e9bb1afffef7,0.0008541686673386866
ck_d1e3de178601d3c2,0.0045509236705518815
ck_bec8324a3587ef04,0.00024000925250005405
ck_b616b6f45225f319,0.011981906193616812
ck_ce1e695884511479,0.017053552469761826
ck_a662b4bf900781e4,0.0001005073913147305
ck_b5a84c5547378c10,0.00019069457668481287
ck_f80af368cfc6cb7e,0.001318627736566922
ck_da3526ab6c5c884a,0.0038235529764967923
ck_bd20be9a3392d79b,0.0023272437804085027
ck_b8266dcd90cbfa62,0.00020696620852920627
ck_ac84b33304362c06,0.0023672070417314456
ck_794d8935a895e33f,0.005841726755399909
ck_8fea7d915259f1be,0.00036750874080516456
ck_7a1519ad5ff45312,0.00020335001246221023
ck_9bf3ce30b65f75c7,0.05007854173027661
ck_5f864d72d1eead99,0.0053909917597029094
ck_3c48e0cfc2a58041,0.5051626911359111
ck_d902183f80cc81fa,0.005157531065852167
ck_539cb0d117db8cd3,0.2457320054313671
ck_28f530aec8e77130,0.011856582798089283
ck_e7d903c50d353361,0.002249336459314122
ck_d288b77d1e227970,0.00675960927792184
ck_017208fcc01b5d40,0.0010048482399932347
ck_7e3923d278a5106e,0.004645011089282081
ck_9700a00ff9e66216,0.004609752958957451
ck_5c36c78b7a4d138c,0.008253832588265458
ck_c457e9c9224b773d,0.004123271737633326
ck_1dfa91405d7e66bc,0.0006612223691322597
ck_f1d8a2695a575e56,0.0019984390440380504
ck_3b92a46daf8d00d2,0.0018898149552039202
ck_aab23b5470469649,0.0027017571254962067
ck_ecdd01a391610d99,0.0008854561684383221
ck_abd3aa292f8edb4d,0.004196430790840264
ck_7fc9a0776e1339e3,0.0001731725249086741
ck_c0389ebeb0e65cb8,0.0007743894635256021
ck_48d0fc4f6a2109fa,0.9960455662825936
ck_571dee4f3336c7ce,0.0038572305347997853
ck_4cedf26628c84f26,0.00450849590361271
ck_63356762d24aab81,0.002418438973607514
ck_2c5bc11bb7ae5d2c,0.9691393540707007
ck_6d26a152f900fee8,0.000934486071763772
ck_c972b0e781efed3b,0.0012367151474826765
ck_fa0ecbcf9a33d6ce,0.0011461951609562412
ck_fa3a766e49dc77ae,0.0006175085665344625
ck_7baf1e55db0dc558,0.004306603794999784
ck_e8bc49e6494c1f37,0.0013303846979986881
ck_8ef1d05cc1e53e7e,0.03401826348080679
ck_cef2a485a77e0723,0.00030023261696521025
ck_228a583f23abff48,0.0013392639969721622
ck_ac32c6e374782b27,0.01453976101405337
ck_b9485218cef413f0,0.0008939759505511054
ck_7f15503048915d6f,0.000489005181144239
ck_b62f5144db15ad34,0.2028967355034828
ck_917d82c552f95a23,0.011528518388550702
ck_fb4797045077bc6d,0.0006848220419697254
ck_2cf8a44e041217de,0.0017571654345133348
ck_b7dd681eb3d2ee38,0.0007919915721727684
ck_e9e8cacd2fa35e79,0.000630037875890469
ck_342a79f91de5d1fa,0.006466882432484922
ck_2c91f62c05685ed7,0.0002995034356132854
ck_e30cb64302939f38,0.028722836303043144
ck_d0e95b90ba86da10,0.0014995109712102907
ck_1774faf414a5d49d,0.7071841117172056
ck_2401e8ff89e574fd,0.8993631611655697
ck_0cd8802264e0a1ef,0.009812888769271456
ck_da84a0dfe947fd3c,0.0007471683120019059
ck_c8affb27ba7fb5db,0.021589043503912886
ck_bc7ece8787ca7200,0.003166343591750047
ck_469a0578d05990c2,0.00014510579875662315
ck_eef67f8dea702338,0.009035628029113101
ck_4f490e379e9ded9a,0.0006913426508488394
ck_354379de065a8ff8,0.000833964697842323
ck_5db1cb368bc41ac3,0.002331072610252596
ck_9b1c3742dd6fcb8b,0.001828896376263632
ck_63ce4f44c92d7143,0.008347886953689434
ck_e15e3390f5ed45f3,0.0016082140053900365
ck_da645ea91d66aa6f,0.08473226446439999
ck_834ca727df855f07,0.03723382899249061
ck_e1d5ad20c737c745,0.13129211737382365
ck_ff8059ae5fa5f1ee,8.825625476701658e-05
ck_8bb9e75393954a1f,0.0005913901728966615
ck_4e1757d1347ab387,0.9972653886063914
ck_af3f74b1d75a5d95,0.013365324700832867
ck_6b1ab0742ff04c3e,0.0300055264754255
ck_f56073911c9f1ab7,0.0004489914028443693
ck_51bd5f69b4fe0b92,0.46146709356312493
ck_fc3d95030b81f416,0.000104673533915358
ck_cf78169633a1600f,0.00013875856792111674
ck_ad7269eaa65c67f9,0.0072898368575755775
ck_cc6d33890d47a6cf,0.005659951784462406
ck_bc8f31f4a2ffa1ae,0.0001454969956300518
ck_720776a46e56dfa8,0.0009185586973529295
ck_e2d1f212f259539b,0.001788694210156155
ck_eaf6f7082c3db2bf,0.014054858360072456
ck_773efe58c6278c3c,0.017394714257638753
ck_c4a72c09f2fdacc4,0.002439286654002742
ck_8982888dd6611143,0.0009660458577271273
ck_9d5049e195eda029,0.001838276138453353
ck_de58ef6f9fe2b546,0.008709852825627548
ck_c0b50c11e4f5adf7,0.012344598954424349
ck_ddaf228487858bb8,0.02447447750518514
ck_eb2323215ff70362,0.007257602893056934
ck_168c96a1a636ea15,0.0009912657945345966
ck_9c46711b14d9eebc,0.00046499807580518217
ck_de8af660806b97b5,0.00020651035949722715
ck_6ab83f45bf16eaa6,0.0048674556069426105
ck_bf2228a052815840,0.00046734094788886664
ck_3f943f20a9da9bff,0.010433459411818818
ck_3baae40454c00938,0.004488213179267588
ck_bc2e771a1d8d2dee,0.016662761812669326
ck_e55f5ca37f30ce8c,0.002806716717089405
ck_4ad5937bef176d89,0.001175063183242915
ck_126531a9126c17c4,0.00040981510365099865
ck_7ec423cb56257516,0.008077464188852445
ck_54748ae0f2daaf10,0.009065488722828008
ck_ff24776280ceeeed,0.0010957078165712616
ck_3c3a1a1365741bba,0.0005159505866842454
ck_615277c8a4e2b18b,0.0003709516910707737
ck_a96aaef34173aee6,0.10757841499645367
ck_bea56db7f3e930e8,0.0018889709010865272
ck_ca491debd3b32a59,0.0012024282548815486
ck_d9ea77f4114a389c,0.00038031179160692165
ck_322ffda3332d08a2,0.00344448207561858
ck_c40ffefe4e30b001,0.009529101118127005
ck_3b1d7648d4580bef,0.00024905131468513626
ck_23981a3261674131,0.0015757966372820734
ck_11667f5b9fac7bc7,0.00011458661959063119
ck_646bb3c7be5f0817,0.0005818211005135886
ck_ebd0a45712dcf07a,0.007844318035415248
ck_baf43bf1bd963f9f,0.002116475034227649
ck_e0ca2c819658f6b6,0.9966413317122037
ck_f0d6633d0834fff5,0.017323606312799233
ck_91081be0254878a5,0.002083602471270578
ck_1325000bc7f35b5e,0.0003061978000038268
ck_c624b9063400fa3a,0.01866323571108788
ck_0ad6fa0e23c3bd0a,0.03682535695324463
ck_6ddb55b1f23c6cb1,0.0032658400265828396
ck_dce1fb3acd65562f,0.0005784207002831842
ck_a9aa389688ee5aea,0.0012840656381106128
ck_5c5284c45d9ad8bf,0.017236897828635574
ck_9ce743dd3e92549c,0.004317415149379624
ck_8342e08cc2f9bcb7,0.001467665934872362
ck_25e551a0a8d2fcc2,0.01643719710113365
ck_d4fd0e438c97e0c7,0.04113620101571356
ck_ac7fe1c344190c50,0.0006973649003915497
ck_ddd65711b5651f89,0.00019988618150947366
ck_ec7406cb5cbc8f10,0.0005631980966104497
ck_1c65e8d5be3b9c60,0.08975563562101213
ck_38ee42f15a573e81,0.005622965379267399
ck_0e5385c70c6de025,0.00042246159508563567
ck_d3137f0f7629040b,0.0009821244712684971
ck_9129c92c12e0c8b4,0.00032752057337760774
ck_c86520a00e50a926,0.002216042597037045
ck_87f82b2b5fee757a,0.0015441269402045904
ck_643abfbd7548d0c9,0.023318685538545297
ck_be51f4e5e6b85768,0.05313119475216968
ck_132c16312f37810f,0.0013044390604291017
ck_c78c096ca8cb33ac,0.00023535781278096385
ck_2ce5afbc014763b8,0.0626352863422794
ck_50ed8f4e7ae6710f,0.001163182508442621
ck_5a4eb535c9a11993,0.0006943857973720901
ck_9b665ef46d785324,0.00094364087230271
ck_e066f71f8b296b7a,0.00040197682467779775
ck_560bc6017870ab06,0.00030158712154868775
ck_fd78f8a8663646d7,0.0012020498812313897
ck_4af5ec61ddbde1a4,0.003949465937654446
ck_c2ed04a9d218410b,0.004748446009819595
ck_2455d43bbdd2bb69,0.003243531942367396
ck_56eed7041add49a1,0.5093004326416449
ck_5f0be7b468a72333,0.0002735187653081972
ck_19660cec756632ca,0.0019555712555203953
ck_fb90408f4892a21f,0.01835838976894097
ck_833a65b86a5d9bda,0.0003810095744786083
ck_2ac36e1dff211d38,0.007247821645206065
ck_c00e70606904539a,0.00035117452246110194
ck_ba8affe4b9505a95,0.24929468671699406
ck_0c3dd22587b08018,0.035343228923157624
ck_618c4e5cfae99dcd,0.04802149216684719
ck_c9690baddfc4177e,0.0003035512235381291
ck_59fae092fb0c4aa3,0.003860295512357097
ck_e03b7d0fa0b28f4b,0.0003322468084420085
ck_d451d24c780b5884,0.0016204842939309628
ck_e980d325b8dbb8dd,0.00016624837492614102
ck_cff18e2d8c520272,0.000675027841797035
ck_a0e46b67e986ab56,0.007461848022186931
ck_3a469039a5b9d963,0.0011505693302405503
ck_12cbb211ebd2b437,0.011287721897762277
ck_b8cdd6d6dccc4554,0.0002716155471608016
ck_794ba5921cef50c9,0.023807590063705183
ck_2c7667f64edec2b5,0.009524325581162488
ck_7262b4e0c29c942d,0.0028512564257017516
ck_5d818522cbfe2a54,0.0074957197897078795
ck_de39c1947fb675ee,0.020847492225848047
ck_c021495606b4735e,0.0008494703148463025
ck_1fc03ba33edd9e67,0.014905548943960659
ck_a6fe344bbf67f14b,0.0012684845429055181
ck_963762210edc5694,0.002492670343519066
ck_d064428b7e7dc409,0.0015511850048061711
ck_59be61b53d971611,0.0025378822060359687
ck_ec8738ec663cd2eb,0.0015306693906381912
ck_59d086fab5998646,0.003238078048419941
ck_bd32dd3b2cbb7888,0.998182429784429
ck_ce0166addb93bbad,0.00015296528769223922
ck_7c0fdfbb447cdc04,0.003546089564609685
ck_cb1bd7635968ed8c,0.035015208668802304
ck_66f94903177f20eb,0.0009253813446191075
ck_1d7cd5dcbcdafd7b,0.33142846910730156
ck_5e418a7c04437b4a,0.026486350526095773
ck_631ea1ae91ab333e,0.004223851529799334
ck_0a8029e79a5ae7ce,0.00813510391493587
ck_c4cca8278bdad9b9,0.00022108828974051276
ck_4dec3df58077a257,0.28444693773649105
ck_609c249edd88c565,0.001947673879429131
ck_02e5f9cbbbf2f078,0.018920213225223397
ck_32e486859130458f,0.636615646324118
ck_21ed2ea6386c5a07,0.00014889266548733684
ck_1242aa4496576a99,0.002090705928345084
ck_475ea9aa6d3898b7,0.010908597891901909
ck_fe1b1adae3be70a6,0.6331719540428086
ck_c5414d7a8031d4f5,0.0009186933846527687
ck_ca1f6f01868e978f,0.021337967396948484
ck_5eff0208c74ec714,0.002821358207934525
ck_a315c9619a317609,0.002225052711263227
ck_2b87683c90acb852,0.007219007335290202
ck_7cd9f39c50748ed0,0.0005717531105550275
ck_16a06d58d71935bc,0.028858044228025577
ck_d116e0e7c19b878e,0.7600630178971753
ck_931510e384b1d0cb,0.0031262357001866858
ck_e7651fb87bb24132,0.00039272649311268456
ck_88ef9f85948e1a01,0.0009995113743441492
ck_17bf38d51115a8f3,0.0029263386007570475
ck_2659d1d3762a2825,0.0025661737171909
ck_a7285955e2852686,0.005007420748312858
ck_f2c33d5b65b321db,0.007928482709475621
ck_83e5979334345622,0.02427005187486931
ck_629537d8b4d0f395,0.002088466261766358
ck_72022008a92c9386,0.0035308231576673447
ck_2973b8274f0bf69b,0.014893351584600076
ck_565e3418d2f4061c,0.0020668982883034876
ck_54bb53b8f8ea32ae,0.9989705373551184
ck_af0a6540ea7a36b2,0.0018233626894885726
ck_888651bfc2c8cf70,0.0009787705637365007
ck_1dedcb48ac381a1c,0.13124382113819996
ck_f73273e220296be8,0.008855236770320442
ck_8424bf65223a5a9e,0.000966112442716273
ck_337b930fd149a696,0.0005244485235540205
ck_8a4952de8a123ef8,0.0012719792466942999
ck_884168153c9c0c81,0.00041596047028410614
ck_fdda581aec411010,0.00023465611496650512
ck_2b7cadbc8b180d32,0.7127542040384451
ck_8aa8b9968233a1ab,0.001965921429110094
ck_0af18b3ce015d294,0.00027829246831559813
ck_8dde670a735d1e90,0.0165853211637815
ck_62f46226f244139f,0.004503473064282053
ck_f948e8a8fdd79b4e,0.0018864544794161059
ck_fa00aa0f3e859904,0.005778825706197713
ck_fc7935f784a4f249,0.0008836833408013567
ck_e7501307c0698e5b,0.012335050444220693
ck_549ed417f2834cee,0.0028136349518547285
ck_fb2a35571ec719d4,0.03326489680469887
ck_25822068c86c856f,0.000530535327803931
ck_8f35d229b62c8f23,0.000795019737443443
ck_bdcf049c1e7d0c95,0.002933556869273841
ck_0aa9db36eb16422a,0.00045504885293907185
ck_42dcf92e9e016922,0.01268140142237315
ck_42341cf31c08c981,0.0011072440386480226
ck_0b20bfc515ba42a2,0.0009990744746657726
ck_0ec820b670d48098,0.00022907320748359703
ck_1f0bafec397da8e4,0.004146410473804448
ck_82f07504ab59ed33,0.003019633170758948
ck_337b24a474010abb,0.9985443249280991
ck_703703bda38fdcf8,0.001879555575953208
ck_01e7960c63dca3a4,0.964768198976928
ck_be5bd81e3715cb8f,0.9675567863096922
ck_197f8058cea1fbea,0.0002902031039806549
ck_eb3fb1106f2f1b21,0.06662040372237588
ck_658b4b54be09a4bc,0.9960767890402705
ck_266ce7ccf41ccc50,0.0009623666585787317
ck_110608c3b03d4038,0.6327898827928456
ck_1be8cb95d6d9bbf8,0.0011868168782909589
ck_8e16a64a776afa82,0.062083387746928155
ck_34bd190d37eda534,0.006546335709180614
ck_4f521611ae14ae66,0.0003132175969109591
ck_d839798f9520363e,0.03171555978423671
ck_d1bbfd246c0ac9d5,0.02237330090266817
ck_f19030e6e85a6776,0.051450671069048166
ck_cdabe60ab59f9d5a,0.001563481140341338
ck_bb84b2b30293f566,0.6713901332011346
ck_427b91925952cb40,0.003784232368447112
ck_1078b1e155b5b640,0.0007117183031974606
ck_95fdc264eac72fa0,0.0009357849125751064
ck_e35eb857c61548b2,0.8526668103962877
ck_69bd0b1abea7e1f0,0.04549430267268435
ck_59de511b20c842ba,0.004194638103200834
ck_168e7ea341a36b80,0.0010767111517773758
ck_4937cfa6526ea138,0.007281868753997645
ck_bb1a981306b750ac,0.02172555010024429
ck_f42a43e4c3f34ccd,0.0005955763513373686
ck_c7ae1d4b3ab38185,0.0009601135295496453
ck_bd23cf9bba1dd33f,0.006672508934611071
ck_0fd826fad7ec7cd6,0.010368860729193576
ck_f143641bf3dd0414,0.014282184277025323
ck_ad6d48c20a3688a7,0.00021793140795992516
ck_7bda5b5b927b2905,0.0396016848839897
ck_a337eb38eefdcc88,0.0015432220873397066
ck_403da2a2d800df9f,0.13335924013829323
ck_aa01d5aafde73d0a,0.0005024703866626301
ck_494954023f0eb309,0.0025180402193140344
ck_1c6820fc38135ad9,0.0097805579109795
ck_0e0bab173622db9b,0.0076947643197409375
ck_547090bf35a3b243,0.001892241332785846
ck_d69455220b21dc9b,0.0010902609394534953
ck_90b4ac695b9c6bf7,0.0005786095758135983
ck_8d2afe17c0082e6a,0.014765517098828753
ck_926b81c0ba528eee,0.003878823904396049
ck_ce36b0c287bd198e,0.013879301668602158
ck_8026e017909aaa6c,0.002362873936734139
ck_dfba788f35d4c372,0.0004737598597195884
ck_f09f9d0e0886e0c6,0.009477956065876843
ck_4ffe0366df388604,0.0019481956213769232
ck_75bb521de55644c7,0.005353548002381477
ck_81a960fddf79ecf1,0.9945544206936441
ck_8f43459991ea511f,0.001044325379468817
ck_f878b68d66fbfd4b,0.0001195832293050937
ck_e84abfc0c747c9dd,0.9410618669402547
ck_3ad3fd3cceb56b66,0.8602085032983255
ck_7cf562578c7f158a,0.0005565986477944063
ck_f81a97d350397306,0.020475994504061845
ck_255d87b7fb40caa5,0.0019462608625066935
ck_b3905153b9eee924,0.002269277273725913
ck_2c80a592fb4cd6a3,0.0006832517900548121
ck_57deb202d4188a29,0.002417686195165477
ck_e3cb5f31d8e94448,0.9577771707172676
ck_0db62d5f7f75f80f,0.0017034830426438984
ck_ced9163ea85589ea,0.020500791251317218
ck_e16528edc694fb33,0.9899913389821979
ck_78cc5ec4940fec3b,0.0022999082856177515
ck_31742076e9a998f8,0.005274319237058367
ck_5ac335f02280271e,0.006184801600048345
ck_7cc2e091806cfa5b,0.006994324223463338
ck_3152c7115257f084,0.0012414881028679858
ck_ab1b9d019921bca7,0.0009967321559804447
ck_c33a762d98f9b290,0.0012619206386683423
ck_b16a7c51b6f7a6b1,0.04694651627757017
ck_97402a153348e68f,0.0002226643722374416
ck_95391029a21caa24,0.014350492669791546
ck_c2015a1200971fe9,0.0019943396223822203
ck_ed4427962c68918c,0.9888183784996287
ck_c5e4a17d3efb19a4,0.20951269843302472
ck_8aec3d3dd51517c2,0.00022656233921336346
ck_f5178a658225d8e4,0.00023297848013510434
ck_8594f165e95316d2,0.0005915413034236893
ck_f0c4aac04076a6dc,0.0009792503705394467
ck_ac2f7397801036ef,0.007996544259226121
ck_d1ea4bcc407c7d5e,0.0010612596106927207
ck_cce8b6657a538fe0,0.046892000523647115
ck_66d0c6d6b67a8d58,0.0013652441576665105
ck_1a6b30320835e57e,0.0038159127315066815
ck_8cd274cc85aa35d1,0.014248593119056081
ck_ada46085a78280e4,0.0016838053748168425
ck_ce1b06623e4a815e,0.00012607534830913415
ck_45e70c8a9686580c,0.04030709339229407
ck_0084d8ab6b1044f3,0.0003318526315070987
ck_a5f7b6fed6df2aba,0.041963421440231116
ck_94940d783e7988e6,0.0028229146209288016
ck_00f9ca84d1d8ae7a,0.0009388569060289219
ck_0deb56f3f6452818,0.0005531691902999244
ck_a58e900469dfc3f0,0.0026555655021066214
ck_028c41b195280980,0.0019455263280553853
ck_7661d7ceaeb19f97,0.005280587853410179
ck_6957905a65c47879,0.006798299946331408
ck_f7c6c26ef3c4ae06,0.008402611979243163
ck_8777beb11aabd66d,0.0011059655473198643
ck_7db098a17374bbf8,0.9729611162181424
ck_66aeb00e44486cda,0.15136586071838143
ck_838c52cc1d315ec3,0.015146840508391619
ck_1745847cd4e5dc83,0.0016443540138296484
ck_201687857ec8b3cc,0.009270445400462568
ck_81818169208a8cda,0.0018959389544491792
ck_3303fd3f64632c7c,0.006347256203888155
ck_edf1096809e83ef8,0.00035991726863353416
ck_235ce9603c7dccbf,0.027868037007604606
ck_9df7e153868bca13,0.003043967228232167
ck_3cfeade2cf270fee,0.0025727749022499413
ck_982b0bf2e2b6c4f7,0.00015863800436592207
ck_faeb0da678bb86c0,0.0019691555317292303
ck_e86ad2fe815b6ed9,0.0011468739196626551
ck_70d69e5d1bb99e85,0.008638222782646
ck_7e9a8924eab779e6,0.9971571277710535
ck_019d5891103e7da3,0.002531187858440973
ck_14f0484b3817eda5,0.0011122915059843318
ck_85de63d278f0fbae,0.00037624896959428353
ck_ae91b4cff57fb3bf,0.0010221779111782873
ck_2a6d43b9f883b78e,0.8076910707420175
ck_7a4e3d553e8ab5b7,0.10598708707276051
ck_fdf89dc69f700f84,0.12911634286672813
ck_f92e04024bf13558,0.00019317991172013304
ck_4a522ca2dc4831a0,0.00013929811809681045
ck_68ba25dc3385fea1,0.003289770749329742
ck_22128a4f0d033422,0.003718372542230001
ck_5b52ee0a13c71590,0.0009199605083931073
ck_59472d17debedafc,0.004613086422732024
ck_9dde2c63acda3ba3,0.0011950539701153621
ck_7510b1023cd08531,0.0003327653935305034
ck_071ddaaf2e4e3671,0.0016865203434975806
ck_1355db6f4010232a,0.0009500051072602126
ck_0a7adc2f27f98510,0.06006042367279557
ck_68250033717cd59e,0.0019432430865446086
ck_7c12de74de30b788,0.7387670109731216
ck_65491367584c730c,0.0016805556317187704
ck_e9047964952bee70,0.019366754506263708
ck_5567779d6ba184eb,0.006767405672056878
ck_d6ea026357ec6477,0.001385012429153533
ck_cd7dcc884e283746,0.03285206638161189
ck_0bd77fea8ed75a15,0.005204944268551221
ck_e80883208e8d0453,0.0007253585505177963
ck_2ad0ecbacd5acf8e,0.995611358666246
ck_6c1dbee7e8fdd5c8,0.001980538244465764
ck_ee4d9a7449515908,0.000423546486377606
ck_636111f7f030496c,0.000588016558362438
ck_2c629c657f73941f,0.001388276180678873
ck_c1c9d3842d758420,0.012041233528617454
ck_e4df7faacdfe8c40,0.006487351954339276
ck_94e8142728e44380,0.00919185645731893
ck_765aaf42c5088545,0.0020868491787259993
ck_e0f845159b6e6a4a,0.0036247148515231825
ck_5bc07deb82edbad7,0.0007431375568638193
ck_713159c5c6a7a4d0,0.9977748052981178
ck_b08afc91d9ca55db,0.0034618509457500428
ck_a7bc323ffed2ea97,0.25683563284780225
ck_85ca825f905a34a1,0.011330077859199218
ck_33160c443d4b3f19,0.016270057695837507
ck_832d39c590a3ca75,0.8564100134394109
ck_7d1661a34164406e,0.9697945128577694
ck_c2466fc40fc9d5ed,0.9971367532433094
ck_ed0e776c0926ce67,0.008982164306106469
ck_cdd2ebeec75bfa69,0.032594634297216124
ck_d7877684c7923ec3,0.0032665480511655507
ck_7384d4d2406aabf4,0.002316092468077222
ck_b8e5244e650aa81b,0.00478338952729529
ck_25a1ea40b2d59254,0.0005455679787696088
ck_b9e5b318ee4de68d,0.00037480724550588245
ck_620d7ae27af83cea,0.0026996471993760486
ck_40b4e264d1a12b83,0.8419308857056748
ck_b694c803b62862b3,0.0002778661049760851
ck_cbeca201dbade3e5,0.003709733630831267
ck_f9b439c9161c3e52,0.00011797569469371243
ck_9880410fcd10a28e,0.000186075887487797
ck_74928f5f91aa12b2,0.006383435092722097
ck_b6673bbe61d2680d,0.006064126841480602
ck_53c8315b5c30acb4,0.0002600542352039533
ck_78f01d78ea79642f,0.0038926926833940324
ck_8582490d6e365a63,0.0028958897584391895
ck_af25c72d16299258,0.00010018632374010287
ck_7905fe8e257b0449,0.04501731033964638
ck_0d16d9349e4a9e08,0.007013739904849851
ck_31b16b8848584e98,0.017203060061845646
ck_67207e3eecc02d76,0.008564172992340392
ck_e6b95ff91116a592,0.0032305225198062705
ck_c08f622bcd6de6e7,0.0014724782862717035
ck_f9a68da9e0f0bc85,0.0009442001080224686
ck_4072b59388976896,0.0010967005021795884
ck_8ec86e853ad52828,0.010344677110787443
ck_4fecb87eaffd5cb5,0.00041499258395621844
ck_d6880578428b965e,0.11611811613762629
ck_bfc82b3c1c9f2897,0.9843376375371355
ck_c340644176ca03e7,0.0033147018793148924
ck_321e740066fb05c3,0.5728100819471758
ck_8929d2eb09872052,0.04218697883125518
ck_205c107cec528414,0.4528606103098628
ck_e76db7d2562f9836,0.0037395981008044765
ck_9ede51c8434cff6e,0.0018784812931087055
ck_492e4b89c61b7b6c,0.00041834860642511073
ck_9385f5a1eeebefcd,0.017979831473199454
ck_ee52c7bf88f952ab,0.0026959721399884315
ck_d8116c34302021d7,0.000629637316337502
ck_01645ea51972e99a,0.018504055316921602
ck_7b45ed23304a854b,0.0009535135023638514
ck_2096d32f3d497ea1,0.05885151436478675
ck_dfbb2056f1ef7d3b,0.00606078515587016
ck_938ce30c864bc7df,0.00037666540962768137
ck_ff30dda2c881a4bd,0.30365748935963727
ck_f88c79186a082beb,0.0007121343601509695
ck_08c7bb0f9851cb76,0.04910243036502077
ck_2675e7a008e584a7,0.003368751827555326
ck_cbaf8a954281d4e3,0.9801851607692871
ck_8b24eadf6c72b30c,0.7994418808530342
ck_ffc8e3c1377d0706,0.00024345034707651508
ck_5b59e859bed5b40e,0.0026750966744335724
ck_7b61717f172f9317,0.9765547844355567
ck_e5c30947b732f661,0.39401233640167765
ck_bc273f3ce79f7e1a,0.0011389932084958747
ck_f69e93388b3028cb,0.06426470716777391
ck_3837ad850996ba60,0.004175098777936513
ck_36d78ff3bc033ee5,0.0014802868260748515
ck_5e20953547ba4135,0.04817166072758479
ck_258d661e450ac870,0.001410613825044272
ck_1df66f537496ca59,0.012211907364370495
ck_361f535599110201,0.0006214430704106608
ck_337e98c69f6e7886,0.001134278752062304
ck_d3d5b2717cfc3913,0.05384832699079963
ck_b1dba768dbe7affe,0.006056372816395477
ck_92d782bd9ce0d1e3,0.021898230034152612
ck_26bd0f8898afc8ba,0.00043779568745906986
ck_7916e53daab36745,0.030552649265385343
ck_2caf553b31831a50,0.0007714693355838813
ck_c6200734c7f9b2f9,0.9031517035094947
ck_cdc55623cb16e6a9,0.0018903138536476847
ck_57849e15b61c43b4,0.000397548304570841
ck_b7af9b2ee0eebbc6,0.002569475495064481
ck_00aa5fc3b3bc66aa,0.09100156799213144
ck_9929723f65636c7f,0.9980224675505136
ck_8f6cce9f69912983,0.009124646785253397
ck_c422ba389ff00781,0.0008413613299313555
ck_9ec7f334604a228f,0.0018394333050507565
ck_5d01200ba3341462,0.0007981832942753257
ck_2bf10be403849c9a,0.0035447084023264
ck_6ca018259f70858f,0.0033776289287302764
ck_a54dc042ebb7c766,0.061809814048847576
ck_79da63fc100830b5,0.0012766479217490138
ck_67ab6f9e05c85085,0.0072099118254668
ck_fa80da579ea9afc0,0.001079573787385343
ck_4339f86c87289222,0.9500935373939999
ck_a2299b4f530be0d6,0.14467084076255643
ck_19db0bf788697c2b,0.0029636153399565826
ck_fa4211c4d826d830,0.0002903710847351515
ck_96100d5e8e051e91,0.0004470611279759559
ck_5c3a671883d58b3f,0.0001800570413912033
ck_2d9524787cfe1ab3,0.4782654680772509
ck_47ab8e51e5b3a2d8,0.0008988187365113007
ck_c924f36bc1bbbaa3,0.0013329976340522105
ck_5c58e7f8fd55e26c,0.00021188064403713516
ck_a07e7409d6d5aa06,0.0013031068718555665
ck_c8413898f5f7cb7d,0.0069096580881266596
ck_577c816b41cab002,0.8751108197469905
ck_9f7807ed64cdb728,0.005442066683105653
ck_495d814d6d6d521e,0.0002597349454670663
ck_7aa8bc018c2b003b,0.000437488639773764
ck_7c3a6a82f3c3241d,0.004281114108238047
ck_487f7fbc290e4ae2,0.0009021864724637257
ck_e556c4d36aadbe03,0.00019094520900829354
ck_7e6569a1b2455cb0,0.000736992443177659
ck_de2924955926d046,0.008286798054416832
ck_73d60b4630e3937a,0.00048197687219517666
ck_805ee564bd35ef15,0.04247602046407745
ck_0d40961e47797027,0.0008805373814391168
ck_f06d00a4f9c87d80,0.00035906321713641146
ck_5ef50fb07b6737d5,0.0008394440469879126
ck_16541fc15683e21c,0.00039664181975961364
ck_09fd43f1b7e2eca2,0.0002774910292295488
ck_2a2c336a69b8d68d,0.004588560812820556
ck_2685f38930866af0,0.0017478343548139109
ck_298278a9da874437,0.001610623277778287
ck_00bd7803f2530c68,0.006771861297190623
ck_c2b4a1d8c0b6c1cd,0.0006736100731611295
ck_2acb54ca20c3af6c,0.0052263281235233145
ck_e3d4b6f681c783ab,0.004126904543940689
ck_f90293f1eba5d7b6,0.1218638750304803
ck_e69d27e8965df0be,0.0003530407314459019
ck_b7f5d10b427346ad,0.0003391411431966882
ck_1ce20e4223a936b1,0.0019759409770551697
ck_6b97d1ab90f6bdeb,0.03333231350380131
ck_e30e17db5473c7b2,0.00104773923134906
ck_154c8efb19dee665,0.0015386912591902788
ck_6f5bb0c930644cae,0.9972379234714036
ck_9e17699baa83d173,0.0003699521230420947
ck_9693b1eb70880205,0.001677353486873209
ck_1e97899875bb427b,0.001825103621730726
ck_558a82590f65df69,8.518927911709548e-05
ck_18df83242ff3cdbb,0.03750127188288983
ck_80ad4396e1084c68,0.02580635620415173
ck_0a993bc947bab61f,0.004407992234922022
ck_5c2d43ff841632f9,0.0015831477149872853
ck_6e4b99fb9725d9fa,0.0006634498813508574
ck_e0983999ca26c19e,0.07695240752625071
ck_6573c4947cc8607e,0.005168189987298195
ck_d879d645d6e44207,0.0019572264574070643
ck_1375ad9f10688e4a,0.00023042857126669275
ck_7501ebbf4e21f160,0.0010292646909238177
ck_ca60d61cd4dc3bea,0.0005887927208375964
ck_ab9ea095a5c58b4b,0.0019066899687886435
ck_23756522b58df5d8,0.00029434307170693024
ck_90bc176c43d85fd5,0.1995039613279806
ck_908b663b2dda94ad,0.009491075385981606
ck_4df2fb8e4b649e27,0.001458657575679926
ck_5615c6bbdef05291,0.09245035597431338
ck_b62f3e3185251f71,0.00017699198486358824
ck_38d1a22850178f33,0.0007342673405167647
ck_5b3ba20c8bb1383b,0.003070619687998372
ck_5576ffc6aaf6f22c,7.10540630930273e-05
ck_cf7a022178165e56,0.00043606378948681435
ck_f2c7a4c50e2ede96,0.0073778360591051145
ck_285719c77eadf915,0.0003029406385013974
ck_f2aa1b677619ab19,0.0018429634245869654
ck_3830c58d841e9e69,0.6776135416322946
ck_32eba3510c8eac5e,0.0006368845476798568
ck_8955d7b9030d5eb5,0.016426859538129498
ck_6775e387dace7525,0.01136315753743034
ck_0a0cd7f4be606a93,0.012457761581291242
ck_a9f700eee5d638df,0.002955031723927346
ck_3d7db96995745472,0.0037129346332381717
ck_aeed557007d52e9c,0.00044442448714956717
ck_79b6a86830156b5a,0.008404351668733302
ck_6a1ff9d69466181c,0.9994849982023639
ck_f11b1565f986f5e3,0.003970707438500499
ck_4819327a78615485,0.0002936319744759964
ck_3ed9e081959b2f5c,0.0010776682782085954
ck_16af4be191c47d3d,0.000479982347950258
ck_25122cc0e8b1a662,0.019478648606119503
ck_509c22828d467ba3,0.012606908820963983
ck_31109c899336348d,0.002356889549736042
ck_c51131e53baa59c7,0.0018587203758632515
ck_cf8ecabbc61d3e11,0.0012002036783197434
ck_eb6baff0f85ba936,0.0037608182995674897
ck_777669e2243204f2,0.9520772953118183
ck_ac0ea27e692acdc9,0.002985552194514277
ck_4c6ea04ce8ca9e2c,0.0005513465933507616
ck_ca54b32fca7e94cd,0.001761541985035447
ck_4dfd8947f540eb24,0.000791085135601164
ck_95aff1fe27fb24bb,0.0021087515170224898
ck_c7550723b90e5615,0.00030735056605614533
ck_57b3fee69bdf85e8,0.00047854557966654516
ck_f823407ace7ff064,0.008225654881327099
ck_a69084a068bcc8aa,0.006490363102320706
ck_c7b17f7b24bef5d7,0.0036325116900335326
ck_7c4e588f927c27c8,0.003657967645463686
ck_77fdac602d0c6f95,0.005479358233344155
ck_e963d8525018d072,0.0014865919599489853
ck_6e8ebaea8f7bffaf,0.00021095928143320192
ck_aa42976a31cb7770,0.0015136653548651173
ck_22c862a496008c96,0.9983868298312459
ck_527550dd15f38782,0.005682848678759051
ck_b3ab3c210e2c7c19,0.0035854758110069117
ck_ed9c56fdb9f45ddc,0.17000402024241745
ck_b53281da70defcfa,0.0009616791830138793
ck_03009b721568ee98,0.002503670676811218
ck_3d9afd862b3f4053,0.3805714122509059
ck_ad3c4be96599554a,0.0025767167519030114
ck_d1c787c27d50af49,0.0054525563980723345
ck_c7a9c7b2eef46a99,0.008139993431812823
ck_53036d3c6c74446c,0.17228759718084632
ck_1b1efbd9c0964c8d,0.0012267721243190974
ck_d66f42a269d5c1ed,0.00950909308913004
ck_fefc49a2b8ad993e,0.0023461067587583193
ck_8b3b874249adece9,0.006052044892195058
ck_193d9c87ad3f1dad,0.0003546941079100205
ck_0c6a50d747593b7b,0.005371797944495018
ck_c830f3830875b47a,0.001621705782316396
ck_79e202f06d8dfe42,0.01022760073325635
ck_5c0fe988b8aa7fcb,0.04933993815791381
ck_a8382d8345f21e1e,0.0007174765312815404
ck_8cb20053914692d0,0.0027459401366382776
ck_1da2f69023ca4c13,0.0007157892236181905
ck_38abb60995114f8f,0.009767554623358219
ck_f5791fd8fd8fd191,0.0014661285475767246
ck_a4e6fc391b674335,0.6274035968523715
ck_bd771efb4a7e15d0,0.0034279972902878006
ck_38ba4a6b6a292054,0.08138300889545548
ck_f7a07283345a0dce,0.0009076758061490014
ck_87dc484baaf5a23a,0.00016435328002134214
ck_c84ef83489badbfd,0.007143444054950532
ck_a397cd64ec5d644b,0.0008377505717301667
ck_7977135c2ff61e92,0.0006474087957715008
ck_52174855b243a8b0,0.005119800019390663
ck_0f35e930d0614613,0.9896566146619862
ck_b170a7db522a0d6f,0.006533884772889901
ck_7af748a23775bd54,0.0681253991321427
ck_52f641c9ee6fda70,0.0004443822683845257
ck_c3719a30414bbb4d,0.0008205100393030554
ck_2baf214ad6bc0dbf,0.012402382515031509
ck_8b39d8aacfdd72b4,0.0011867825816173655
ck_d39b0152116203be,0.001435898687760703
ck_ed33f8a937f9c7c8,0.0016979541108198095
ck_8ef97b55a5fd6ec9,0.000289467401381281
ck_8247f008a14bd1a2,0.0006175331149020417
ck_f0d349d68249d5db,0.0007900748812373956
ck_a544e766540861fc,0.0020646579497330454
ck_9dfaca4c7c80b10d,0.011766660688515208
ck_7e5401c362b2216a,0.00014702639190168517
ck_64ff60c073fdb6db,0.00506972764826634
ck_fc5ea49518e5d637,0.0005606471765968017
ck_580f136ced341298,0.0006519837401415587
ck_9cbef9bc95449dca,0.0011480252174272346
ck_e475a3b8ba870a7e,0.0014890423273610264
ck_97e94708bcf43563,0.00046860928713680157
ck_13f03ec785cbdae1,0.0003014357878838707
ck_152820d8817f478c,0.001393142697159366
ck_d20d4ba60eec9945,0.0010643815944645378
ck_5c45968a805132e0,0.008991369913498965
ck_bebea2cf3063fb24,0.0064229301872566775
ck_c3c69aefe7ea1d2f,0.017621668233031983
ck_02028b72f26fe855,0.0011861777832249429
ck_dfadff70a58a9133,0.0001556794954602862
ck_6482ed4491bedcaf,0.0011210065559831713
ck_754cd7b4a5ae3f94,0.0021667067593404937
ck_3132857aec8485bc,0.00025401175575991256
ck_7ce4ca91b8f9f1c1,0.0013290067900600302
ck_41938582f4351772,0.00837515369863696
ck_f87d66946252476c,0.20597393292604324
ck_8053f1879a9b4e43,0.0003506892963528884
ck_93892e91387f5103,0.03272189076475408
ck_15254db133b28371,0.013011494559880194
ck_d557b9feb241b3ec,0.0004644893115075512
ck_71c3a8e4c12c989f,0.00044492910316973376
ck_80e3041811033443,0.013013757624918236
ck_3380d60067b4634b,0.0005038879407077015
ck_a9c2cdc758df8510,0.010540761532074857
ck_3c0031d7514da17b,0.002929433988877218
ck_18d214b1418be39d,0.0003239771882676248
ck_7ce768407fd48321,0.0014146266793265546
ck_7a50abd42298133b,0.00045262628794245853
ck_2db10f987d137582,0.007226067693053821
ck_e077d004cd1d80ae,0.001841279463812241
ck_1cb6dc67f9a321b5,0.020642970293095503
ck_b864f64101149c35,0.07749000531418919
ck_9bedf54df9418e4a,0.00017146466224132056
ck_c47e32c47f0e6578,0.28197644485012724
ck_71f382d5e338daa3,0.00016076334986921302
ck_14b4bf7be6ac2b61,0.053726568657434214
ck_5c87eea1cc07cc92,0.02104657232136667
ck_5f445182829ef342,0.0035083804060549433
ck_a5d7311291caaa54,0.00037272147413217494
ck_b7df99aecef385e6,0.014067981597684073
ck_3327a0582407068b,0.0032941689756999424
ck_08dba09fd7dab896,0.003483925674671545
ck_f4ec334be5266378,0.0009932544901623795
ck_240f7f894c5a86e7,0.0006678116690706414
ck_a9d994554fc14a02,3.3274341101702724e-05
ck_13648cbd306eee6d,0.0019497180403437652
ck_601edf9105b3c321,0.9958921220509158
ck_9527adac182abe57,0.11141304879794448
ck_4e0e80f5cc271bf7,0.00016590972094662084
ck_96a89e720176b389,0.10854000744385069
ck_63560eec94b76d2f,0.0014529637804857262
ck_c9c99e5b19aeced8,0.00035655706958284146
ck_bc32655ee5ed643e,0.012967876074377863
ck_edccb5a93b741744,0.0016222197348382539
ck_f786cbc987b70930,0.0008417827366103518
ck_0e8f26536ccc8947,0.011864034653312337
ck_b87ef4b98cfcec4c,0.003825887978389703
ck_1a9235812de4b2c1,0.009466364866279383
ck_d1ed88ea4211ba4d,0.00033289404519071204
ck_a4ddac49657a4450,0.011214925724158248
ck_d9ffca35188e49d8,0.0048478539861087425
ck_3db73bbe03c3d240,0.0016264951846508072
ck_fffa0622344a36ab,0.00047118534518155174
ck_148c28df51bba5e9,0.9589629168968401
ck_076cbc25c8f15fc3,0.9760105790587497
ck_e5ca550b39ed45bf,0.6424586850116205
ck_8dacf3a2061ca17d,0.00368562027920486
ck_2d7394afd61643d0,0.0008190346051668309
ck_e42206e91f6a1752,0.0003617117452731944
ck_2f4f94827984c426,0.00016060127353132445
ck_edfe8e90e8f4366e,0.00031514559787532316
ck_646b15f753e5e9c6,0.003117527289591496
ck_66600620149c8799,0.0013242928718412506
ck_4ff6fc70bccfba96,0.5333254481911304
ck_41af3729590c2484,0.0020591360802418774
ck_920a48ba8c583e96,0.00011829835664947529
ck_0253b3e7be021306,0.0003677257164215377
ck_2ae6949246ea2648,0.008840779876232798
ck_db23a5100f338d72,0.0006610391538495182
ck_fcb2a559474c3493,0.002147509156207891
ck_0a4d7acd2a53cbbd,0.0009880194214264492
ck_c5d62b2b7a6f3bac,0.9845401390665762
ck_cf59f4fc0ea690b2,0.0007385210185214615
ck_837be8126bb19250,0.0007423729238960172
ck_58955542edee1adc,0.0002735167938430215
ck_1b93381d8eea58d1,0.0015465239168621662
ck_97b8e05d62abdc14,0.019399328396063675
ck_71a0d645744302a3,0.0009101279277542695
ck_a7b57882ab66b111,0.0002578722558455088
ck_65f76421be648549,0.0009113381892950558
ck_b53ea8713d32ca7c,0.01970808392262384
ck_991c4c924a1d85ff,0.7762777476330284
ck_8432ccec1a4ec7fd,0.9985894356887954
ck_64c1633297f43788,0.0018201337438491646
ck_4291fd9c1161d8e1,0.010289430562726
ck_5e98ed6391d9f429,0.011007713116622167
ck_c7baebe4549fdbb4,0.006269254578716885
ck_6e67225ba59fa5ae,0.007763263525022623
ck_719602def4d35fe0,0.0035567395576718906
ck_bdee7c86f5ebe81f,0.009907679853893675
ck_8de38f8c7f91961f,0.002996791169188025
ck_b0b5bf9254700402,0.0004335040804956521
ck_7b55d9bb1a250d4f,0.007601684746215018
ck_3954b7b0fd1d6614,0.0004267053747565475
ck_f29471fe7c818d6a,0.0005488596260896097
ck_9e65a8a2f587691a,0.0017403702859162026
ck_eaec5f1a83b66eb0,0.07633279641981607
ck_004fe0daecbe2c1a,0.001063750783057783
ck_d17653a4a2d4a79e,0.010102108494252898
ck_0dd417fcbf19e424,0.0043997865310517505
ck_4c99a6eadea143e2,0.03720680292777315
ck_74d602c907ee9119,0.00024694313692702463
ck_1aa87cb62acc0ac6,0.01526711263823862
ck_094974d75e29fb2f,0.02624891779379559
ck_5ef935ac3d4d3332,0.0016819156280681417
ck_b26e4ae47c9107ed,0.13303001260304928
ck_396cea6f95186ad2,0.004910996989396694
ck_48446a9e8184c7d4,0.0011900087388192402
ck_31e1ede23247d56b,0.009431955483184975
ck_7afefa349b960a3e,0.003479354234733228
ck_f5e02a3432571b20,0.022343367517574157
ck_64eefec062592c43,0.0007516230278899008
ck_a1201284122c141f,0.00902376970681449
ck_1b34c420a4c85a95,0.0028639223859528683
ck_d637a011332ba67a,0.0009137023077022248
ck_99c0004d8b7079f8,0.001109226318952597
ck_948517bad569b40f,0.013264539495844885
ck_a28d6b1601b472a6,0.056414652560037755
ck_a0b4209feb31f5c0,0.9988047690843697
ck_d6d2c1f6dfc455b6,0.1739671410871829
ck_3f9e6d356d3dd3cf,0.00023424003634326556
ck_d08e00c842b75176,0.0004439155703397323
ck_bfdd232a7c5f2660,0.03922594916195815
ck_2cdad03ed069438c,0.0036536058070216555
ck_42317c3eabd0a285,0.0476287928356998
ck_3eb73e56751c704d,0.010004247765931727
ck_ef33c04f4c9e3758,0.016121666228295514
ck_1dc23dc870f1773d,0.0035789322179796807
ck_76091f357974a152,0.0036114796505224388
ck_4d9eb75e8eee90fd,0.005274062120204826
ck_578f67e69e5d2cfd,0.0009106952511402644
ck_3a8ce1cc724229b8,0.0008638475974766469
ck_a96887f841e80fc1,0.01775607263919047
ck_d2d4a8f4a9f2c33f,0.0007027820544057736
ck_11f85bc705dbe036,0.020182371589896105
ck_7429b3f87528e335,0.0010196627276600092
ck_26df74feac7ec51d,0.008439860847479115
ck_c78b2638fadd91ab,0.004463262290343358
ck_7eaad325abe3b50c,0.0004358806783182763
ck_fd44e34af620e606,0.006862039177283653
ck_f99738dff854e25f,0.00027044778740231695
ck_1ffbce3a239bb264,0.0009130862757885697
ck_96c7d52ba0a766ef,0.007999656055874453
ck_cb1c00c300af3f9e,0.0005688493952129516
ck_ec3d12848ced99f2,0.0018030040613849958
ck_26cfd7c3c6c7bf69,0.003053674945407136
ck_7ae86b5a885affc3,0.01462459362509386
ck_3edaa94d28cd48ea,0.004935648561424458
ck_3209c530c9812e39,0.001832170004569587
ck_ea62ebfc1f04b49a,0.0015698885874630385
ck_5fc90b4668ea81bf,0.0025257982565427407
ck_95654593cdebd141,0.00015297692417924472
ck_958c0bd61820147f,0.022447185979455286
ck_8440ef1386c07194,0.0009754070710930777
ck_8cd1b68dd74b1375,0.07718429374668911
ck_c9eb4df91ff07f2c,0.026361334396154738
ck_c29489366c01fe65,0.9708429536482492
ck_c965fd6bec0f0ecd,0.009852312166101855
ck_84c402b23766e1f2,0.0019439384367018488
ck_181f3dae03b87136,0.008518106777836841
ck_022a8ae79eb28cf6,0.9615657252968604
ck_469c17407d17b706,0.006077467257269234
ck_1fcc5843f39148a9,0.0009833567744891509
ck_5debd55f361b2ddf,0.0008476089139287074
ck_28cb9b03e89263f1,0.0011010319150676756
ck_f067470743d3c7a2,0.01684438354334266
ck_d5d225ce41a1a762,0.0018722355919859265
ck_15b4840922195ffd,0.0018883901044133204
ck_6bcfa37c717f19f1,0.006271363960999251
ck_8d501a0386c66be8,0.08816154833915418
ck_1a9d6190c57ea7e2,0.1741225569514932
ck_c49832eabdac5bb7,0.0004651503896407617
ck_b4331140b2e0d4aa,0.0012723465990033558
ck_5efbea1befdefe1b,0.10374527859857935
ck_72ff52c4824072ce,0.003639943585114871
ck_ec3715add8bbb6e9,0.0002356465592455393
ck_9822f8ed05335741,0.0018208295868449122
ck_c3d7d3d12a1981a3,0.0008067794654914585
ck_a115a7919ac5875a,0.00530012938400718
ck_4dd4ed23e0b927b7,0.0878212802318438
ck_4c76efcc1ee6762d,0.0028653225923988192
ck_3ad6e7bf452c9b21,0.0012708965969182929
ck_dcbab304b55a42c7,0.0039428249054562535
ck_24b53090faf722cf,0.0017194362712793728
ck_187317383400491d,0.0028881960188732836
ck_e07fd57565c94c28,0.011012239886674647
ck_740e760fdcd27835,0.0007777035458602482
ck_d3796aebda1cfed5,0.9051401525143968
ck_e541967c681cb929,0.049739591797838836
ck_431118050b834dcb,0.0001641676098905911
ck_90f3655f0c8a0074,0.00016110556788817484
ck_13cd943777651aac,0.002609021851034148
ck_66accecabf3901c0,0.022797708764513116
ck_937f0da2306b2eb9,0.0004074747087706913
ck_105b0c93573fd5b7,0.07834514144331346
ck_00480407160e0743,0.0020723270987403892
ck_e032068be7b77d15,0.02009920127045519
ck_991b7dfd69098320,0.0005638011090425514
ck_37d47cf0f34574a2,0.00035372025587491763
ck_011551a596544f5d,0.00012247500794677535
ck_9acd98f4fe2d474e,0.1686693781855007
ck_7c88d3d377bb61bb,0.01450780773527113
ck_e2374c7136c964fd,0.012436677006903015
ck_2fa8f2577116e9ca,0.05172708023052234
ck_d07c5b0321c685ea,0.043784467136106474
ck_bc736114a31088a7,0.016121257677841734
ck_32bb42f9bff197f8,0.003308971326530136
ck_66267bbad1f1415f,0.9967184638390578
ck_19988702ccd79201,0.004801328430285043
ck_f473a03fbcdbc4b0,0.0004955584836727654
ck_e3f1d85fa5d49396,0.0009241301562740532
ck_c4402ea6291df271,0.012234553478187405
ck_243bd5ca8c4ae5d0,0.000396027387960693
ck_f271e855925e8d6b,0.0983799213236418
ck_e424148c6f2223df,0.0005729335335789356
ck_e4d0a9e1102a58b5,0.0008735535480473069
ck_91c2a5fe69b9b1d1,0.0016929622530921884
ck_5fd8924732fe403e,0.15668070528740227
ck_9a881d5433126ada,0.0006395177170561272
ck_73cab88b29c7845d,0.014429871550470865
ck_5b5dea6476d4e182,0.006730401461989533
ck_ccccb17d2ca6ce94,0.010213532591657977
ck_cd1dc68e441222b1,0.9778182196902782
ck_8312c49b1431a406,0.0004625022528134689
ck_25fea39897f2a559,0.001300313405406493
ck_f56200205280bddf,0.007870177626190189
ck_7336611650dcc088,0.0002266995583370791
ck_590716322ff147ae,0.0033787410610541728
ck_c82364d87875a1a1,0.0048995956464082165
ck_fa4b60387d744fc5,0.00039411729895794855
ck_d841eba8906e9a15,0.0005593477516090128
ck_d6df562a79b9d0d9,0.003817653999000834
ck_59a14d2564193101,0.0002138942020201777
ck_8530158e3d7f59e7,0.0011726033896604184
ck_ac68d707006c12a8,0.007359346057637861
ck_976fac1bb3dd8c58,0.016781009687591775
ck_f854fba8f4adae3d,0.022929229140415355
ck_b98e9c3ec6e7d1e7,0.0029864067506297867
ck_803c0b4cf9d4bc1d,0.001935433906448498
ck_76997a33c3ea5107,0.00010895533599851512
ck_f1a9d832b700bda1,0.9835614811298891
ck_2bd96ddb8c323d63,0.9951544990629966
ck_9e5b7acf51b1b743,0.03461329751805466
ck_09169f22194fd6aa,0.007665970032787948
ck_6d69e092f9b0848b,0.003211844493611211
ck_9f83fa5a2d3b9049,0.0027772794423400306
ck_57bbb19eecb4b87c,0.0004032990811891389
ck_e0e9cfabb979f428,0.0004584566944085374
ck_b1ff9edc51d42f97,0.0009853853932090626
ck_4682fad271d47eb0,0.9289824508178723
ck_ab33fb754c818ae3,0.024456082939186736
ck_b456f62b80e21557,0.00014519762595172506
ck_16340be3f2a7fffd,0.00010657824249235211
ck_ce66831f6611014c,0.003359150920870561
ck_4610a073bb54d1b1,0.0018874639254274652
ck_fd038a7d33a9d6e5,0.000258721729410092
ck_c8198cb4c461304f,0.011092742764496781
ck_1e7de58822000dea,0.000664629531700819
ck_b2a79dd3df560f14,0.023504745252178896
ck_74a06f347b32347f,0.01107764010800262
ck_c6fdb2972417c9bd,0.003915257382920501
ck_d7607a213b800bfb,0.007074285520486685
ck_df65967b8b40319c,0.0004582125304436995
ck_329a73dbd585ee09,0.0007359614823302635
ck_74991a9e85c3b07d,0.0026764756753808517
ck_bb76609b79e0bc9f,0.0006228326189484921
ck_f7fc1bd0b9ab1fa4,0.0060052886591737565
ck_d111c98b36bdb791,0.0013743353390301787
ck_f07e27d125497b66,0.002037521580369225
ck_093e3a7134e11d6b,0.0028856258028922203
ck_862c7953bdea48b0,0.0010462158889110252
ck_392cf2cdd515c34d,0.0013845868945446625
ck_80eb91b0b4001084,0.005981094843898243
ck_5923f53b77193a58,0.07560437538502332
ck_8049f5fce32be185,0.7602336135465765
ck_ebc5a2c6cf88e252,0.13912244582050728
ck_9ea5872f14cce338,0.004792644972116236
ck_f7fbc95ebf584379,0.0014487349942687575
ck_bafe82c870356706,0.9879146215382935
ck_278b36c5932d9bff,0.0002607731893035823
ck_6a892dd5d05c1649,0.002955106885969924
ck_0734fd90b2cabd43,0.0014153680933149818
ck_9b552204498b6762,0.0012849322153222974
ck_f6c909c205767956,0.002749461542779101
ck_32f590e87bc3d715,0.0002189734601380515
ck_66a8325f28be7562,0.0006567334514476331
ck_b129261da9c3c3c9,0.0024701137073684285
ck_a524071c51ddde20,0.0013855187292938632
ck_ba576d6d4cb6130b,0.020055490479479132
ck_8d8226520722af78,0.007052587047627797
ck_c5b0f0d4f1655a20,0.00720776596004973
ck_61814ae9b6d8eab1,0.0018537331391732987
ck_382ebf136f7fa337,0.03585835005204252
ck_423ff4ede6a9f066,0.005138425356642625
ck_546ad962d04b7de4,0.9800508766265219
ck_9473ea4a01c95f9a,0.013739512061474838
ck_9eb1da8cd35a50ce,0.003153888686817465
ck_de5eaa2cdbcb67ff,0.05370649551767166
ck_537cc97d0398c922,0.02713285155442342
ck_998475a2e4dfad4e,0.000839183843617416
ck_e62eb708d2688fae,0.0042126755334490115
ck_ea623358f704daa7,0.07619341351261619
ck_b911a09f328dfd4b,0.0013260553081334112
ck_4b3506b624e5193c,0.02987980587465778
ck_448456f96788713b,0.010239776230598772
ck_5d5ef9e75f65d076,0.0013728397499253079
ck_3b74512f774a6e5a,0.00031708289483753957
ck_a032e8ac1507c6df,0.29745016381298933
ck_7e2d6b22a0ae20c2,0.004767697543800386
ck_d80283209c963f11,0.0006351787335927206
ck_d1157eade2ac3975,0.017851413637437155
ck_be48f583f79427f7,0.005054733067004654
ck_0027b5d4107d65d8,0.02066317459467994
ck_94fff69584dd3b2a,0.003803961760734325
ck_75fcda73f0b43557,0.003097508184098007
ck_a1c78972e4ee4082,0.01126177796784292
ck_f0982bbdbd122f91,0.0014584579005990665
ck_3199b471575aeb3a,0.000282734816867249
ck_7fa947a0b1c1cf74,0.009645562606270327
ck_a60c618b7f0e4252,0.00025691142108959794
ck_722ac47c8ac9b6c3,0.37786923857614163
ck_d44dc3839a195c8a,0.011561215074978847
ck_a2c3e82fab520483,0.00249858380729069
ck_6f8ae0319c07cafe,0.0009137862030648765
ck_49886ff1e2c759d6,0.004067749770633023
ck_150a1108f936e6b0,0.0012934169841371504
ck_e21f9f96f597695b,0.001761088958446907
ck_7297bff2b7fdcbc8,6.490711634952953e-05
ck_ee949c71f4f702eb,0.9950153365112159
ck_6fc37dea4b4f35c6,0.05656191113631636
ck_e76257caa98dc25d,0.9813274543698484
ck_828eef2334e17b3a,0.0018056084636480136
ck_604e1b8a8c693aa7,0.000775253275272848
ck_7743c9fe037d1f9e,0.012595085228778427
ck_864a11202e19e812,0.08845293473630095
ck_4ec040b9e3785e4a,0.0008895351904177998
ck_7346e4f820d9c00a,0.9774610924303395
ck_48d4d63beb26b623,0.0001940564201831718
ck_c423aa6de3ed1e01,0.001115541840265327
ck_d74b2ead8aaa3f73,0.00388759605799903
ck_1dd69a11daa7bf1a,0.009509099484921756
ck_d9143e236eef177f,0.0017300683183957243
ck_f790d91e5ff0eccd,0.3799396099896385
ck_69b5620e00ef5dec,0.0002336262954065019
ck_cd32e58e8a1c0e85,0.0010615880692118414
ck_064013b0957d87a5,0.9981327369184815
ck_a481385c2e60dc4a,0.0016680446500444048
ck_d72035cb29db3aa4,0.0013749632807679543
ck_3759939a0205306d,0.0034349121653879534
ck_f437a53fc832ec95,0.6436977347242281
ck_260ef2f3e6434819,0.022151052206316555
ck_35e411b05d22f663,0.001232474176111468
ck_8bf46e472f3e20de,0.04011679515073635
ck_d546994fc5d3e9d1,0.001738862230900188
ck_6ff0fc7487e737e7,0.06650464364415612
ck_5c67f27816ae0b6f,0.001122524415239399
ck_c5517923458106ae,0.0007001833576689853
ck_d9735647a6b0b0a7,0.7834725253789059
ck_541a734fc457246f,0.004613443851398606
ck_2f6a639468f41043,0.001083683373846494
ck_bea2cf7a6b7bb900,0.0003376553479749828
ck_7eebd0e6ad6c070e,0.000975901314924021
ck_b64c87d5e3b10e6a,0.9118983199023327
ck_9dd7daacb7833233,0.000543181031233581
ck_396e9ea9a6c6d7d9,0.001738095655007746
ck_1645e6cc53fa99ff,0.003021481199370154
ck_ea2a83ccb8d57490,0.00019877713596952242
ck_e64f0df63e1be595,0.012067894156163349
ck_fa0b234481cb57d3,0.022331892761564
ck_63379e3c9fe6f711,0.020312756748880306
ck_c67f7944896a0310,0.03183478818813954
ck_c10e54c9db29e6ef,0.9995361242790356
ck_7184ad7709ae4c80,0.013169853058671216
ck_f8b6069d7577fde6,0.0017965297318799688
ck_18444be153bac1ca,0.7479304061725536
ck_d0982b4e0e118e4d,0.001769230344070822
ck_6faf3e6820398866,0.002237740633815354
ck_97e980463aca4644,0.00024869548049030483
ck_630c835243c66b19,0.9917259388073519
ck_fe429ba3e1aa0e4f,0.005041481801012366
ck_1058129ed7b48c59,0.0018890853284025866
ck_04a1a46f07885296,0.002281800411483336
ck_f01e94331067edf6,0.0017488019408290598
ck_77b2fb17c29f5e72,0.005579303590256154
ck_4f0c5857da45fb28,0.0378250804048896
ck_2cfb9a7775e8a5bc,0.9884379848014058
ck_6846100e43659bf3,0.0005016737534422644
ck_f89719a854fe11d7,0.004461682890724166
ck_bf47375e41ca3bc0,0.0004978435461280113
ck_2770b0400a7bef08,0.007123561215393322
ck_2a09d142de1c77ff,0.003921233082718695
ck_857a1f5547b9ad68,0.002833994575346451
ck_185f15b1523bbcf4,0.000824599205127443
ck_ab2aed614ec1cdf8,0.01565507589632962
ck_a9e7f3b2d5dfd97b,0.0010991818873961978
ck_0eeb3d9b3e697edb,0.0009880136615541635
ck_fa5830d81bc8ddc1,0.00019573590799350685
ck_231ae0329ebc3220,0.0009917035990741677
ck_1587763dd54688c9,0.001349817386793143
ck_9f85fea4490c00cf,0.0012836160769735645
ck_a2d709e7eb91e4af,0.021442478935516707
ck_43637d28c7216453,0.00037945106945649453
ck_f3ab5dd853d38252,0.035215717910383595
ck_4a1f0172d3bf4fd3,0.002544272702752473
ck_517620ca16505af0,0.0007076549797757708
ck_9ae904fbef56065c,0.00030270313229151783
ck_d5ef1f6e34bb35b8,0.016684904435028874
ck_ff42557857ae3aeb,0.0009817555566673912
ck_ad9a18f58589faa7,0.00045061423209652847
ck_df1a6edaa3e6b271,0.00029790139034301463
ck_99021fe7225b5a68,0.019411352950701823
ck_99e52c3c2530b69e,0.9971436803429973
ck_3a4811dc4a1a891d,0.0007570005735066585
ck_ba3a6be026c87079,0.0007351306330948415
ck_da6d1e5cf6aba6fd,0.0006863113862640602
ck_ddc7c1f3d45fe6e6,0.002913393904571465
ck_e1b1e7a7e4a15b3e,0.00043358103900146264
ck_8288f7f226e08b89,0.002899972376217457
ck_c4524993ec31dbe5,0.000700044452730078
ck_8b19bb5b23b6741c,0.002302387498163757
ck_d21b38231a8a9f4a,0.01476657726557502
ck_3f730318a9792292,0.006213036040130338
ck_a4db6e94a8f77f9d,0.0227831600602411
ck_a8cac8d480306839,0.00029503228339507355
ck_5472214011fbc2a7,0.00027505519427912714
ck_7356f47dbbbe7904,0.0008742813856661781
ck_16801e628e883d78,0.004164853849188295
ck_0dc1e536231c4860,0.0013580112004018873
ck_7cd0634a6e60af83,0.005393234282377581
ck_ef6f8e048ae1bd4b,0.0024595748718436393
ck_82f3f744209888ac,0.0024092022309784317
ck_f33188c232a03526,0.08089276769613714
ck_4a59f4e10bf45d7f,0.0012615683730203113
ck_d96c893721385e4e,0.00028246800907335564
ck_f65ab819373edb37,0.013220016409735824
ck_21cac21fc10b7768,0.0013985469028735874
ck_139b54e6ccbdd7da,0.005910678170474134
ck_d6f5c8741697abb3,0.003853304623966539
ck_a28d9bb5590d458f,0.017171551875259334
ck_ed26d906883bea0a,0.00034676599499669996
ck_227602ad072b838b,0.00025129117697147204
ck_39d5f6c17c745ab1,0.00015238560095765598
ck_744eade757ba69b5,0.0074945179909488855
ck_c1295d97cdf35ec2,0.005282815762350487
ck_69105f881da3c821,0.004269255744926706
ck_933789b55361d7c1,0.869742464928047
ck_b667952253503174,0.0008379265689045968
ck_7bf668e25abeeb05,0.0010572463996784782
ck_91742711dfdffd56,0.001763576028503924
ck_af32a0660090dd68,0.005177050072143603
ck_2122f201e65f76ee,0.0033581221043468114
ck_f48acb73a5d6af07,0.009665824128371992
ck_337c5684510cf432,0.01013589787032857
ck_f7bde7265053364d,0.0008439165608392506
ck_c190c7b924edba75,0.004650230448154377
ck_044fa3b3a003f0b5,0.0011357223551735312
ck_87eb43e3b9d96169,0.018017704317807748
ck_2d3d6c9364362017,0.00011454430743187212
ck_ac55dc6cbcdf8228,0.0011468488007003715
ck_61d7b0568ec5d6cf,0.01325389496627368
ck_89c74feeaffa7d09,0.0005383766638200876
ck_93776b0c113f41f0,0.007452692963611379
ck_15e0b679931f7a8d,0.0037230310807187367
ck_77b56c49cfdb1d81,0.1454239469727832
ck_73188a826b5f499f,0.005147827569806792
ck_4f463ef25325ddfa,0.26391696558658195
ck_863db2e394dc47d1,0.9973332824375524
ck_d52432ed597f3cc9,0.002314097568668771
ck_04fb61e5739642f8,0.186527355928629
ck_2e481d75d110c06d,0.05213470950062935
ck_3fa1a523d77cd619,0.0027044933636959094
ck_466dc6274fecd708,0.002982063753961959
ck_e1790b3aa2241b10,0.9262301746783033
ck_84ad096a46e1a960,0.007589331642832958
ck_3be72c9c178fa00d,0.013549643028647057
ck_5a17c89219d1d9fe,0.0020144971468145935
ck_4f639f4ee6ce8d9e,0.011232754271689432
ck_f4ec4a935e51b4db,0.0010565401551491528
ck_f04040a830f92bac,0.0004786215090603151
ck_3e4d02a04be2aaf8,0.011900024773456601
ck_4d1baef193cfb900,0.007829213265245832
ck_0fb3153d37626b75,0.0002210171830787967
ck_88ec57a11b11f702,0.9798278812002896
ck_dca9dc465f759db4,0.0008742262141148161
ck_64f5fba6af67e024,0.00412778003683733
ck_896096cb167254ef,0.0152527207808616
ck_7878679065876b98,0.006466655495353763
ck_fe8e5a6c880ceb4e,0.00016918635142540014
ck_a5e036327d3d1862,0.00023821459530594678
ck_310f73940fc4cf4f,0.005002168569505582
ck_46a8db16ad00b749,0.02045870783603147
ck_0d33977c3de8cfaf,0.9984725900606934
ck_c6fff412f531db0f,0.00015194373041827706
ck_bac6dadf428eaea9,0.001624794583545161
ck_1b96d9af0d7da2d5,0.0019140707009238447
ck_fa8a4a9e77799fcc,0.0004888213820306084
ck_0bf48607a874b4d1,0.0003877611097734252
ck_eeb75f8a6439f65e,0.014673124588095143
ck_a209a5f7d172125e,0.0029057515061661613
ck_8f346b72fb40bf14,0.0008779109147811367
ck_bccbf9fef367f00f,0.005043510041349531
ck_2d1548f1ee405cc9,0.0008710676782639294
ck_e8298ff2dc1e9d50,0.0009252571405113659
ck_77c0fb524edb4a94,0.0012067576561926243
ck_28ac4c5134cb8e77,0.017355064490016985
ck_db23a0e3e54be60c,0.8443445754078456
ck_a059d00cee5cee99,0.0012045529111291758
ck_3e9e3bba8bd363af,0.00044100786822002543
ck_0428728df24cdab4,0.0005672174062160249
ck_88cd35378075c84f,0.0003662956286832588
ck_0174d76398d9dc0f,0.0027816455605757513
ck_3f1287e6c27de0dc,0.0011183281969779372
ck_ff822700f3605e06,0.9995426808314033
ck_4563227b2038ae07,0.07505834656714776
ck_788e78065526ee19,0.00495257813033478
ck_8a16eb584093b12f,0.0017649409406835588
ck_cc276f71ab6c08fd,0.007564958797219192
ck_d61d97b21002f3e9,0.003398307348441925
ck_4b2e87d86a5e415c,0.0128267977949475
ck_3e6f35e4500d2f2a,0.0005969893672997105
ck_3acdb083e0d8ad61,0.00017980497804450667
ck_cd655202db489010,0.0010780422542254473
ck_829cbf5ccda481ae,0.0011248026376658505
ck_f5882e6f98b8b4cd,0.0006500487120587356
ck_767947540b234add,0.002954233719682614
ck_a6e8e8f535b1f1d1,0.027474160863011472
ck_58412a2674fea506,0.0010052017507981162
ck_fae7e518a585fa61,0.004143846834450689
ck_9c60ae6958d68dbd,0.11124864835895755
ck_328696b8f5e54ec6,0.10184654094805197
ck_7df3f8f4f1068d62,0.0013106509104149498
ck_cfadd21458230ef7,0.0035633274173806585
ck_7048bedd554c703b,0.0002602864993822897
ck_50422466f145bfd7,0.001013735312285289
ck_61e1f7168cd9ff25,0.0109388266471142
ck_733aff0f56f5b3c9,0.007360894428269142
ck_e14892e424180549,0.0009949870433368724
ck_03f6664a96de7d0f,0.011808266074540484
ck_b7f4baa2cc82fe61,0.0018385746127420402
ck_1e51199a075ca0fa,0.0008900299611195466
ck_0e70516fa07cfb17,0.923510897114542
ck_0f37c554a5057801,0.7871558109957149
ck_5576b725de38d106,0.0006151190650735982
ck_82f360df1e9f4eb8,0.008741945230919888
ck_395f3bd4aacd7ca6,0.009443138972406754
ck_5e8e857b63966609,0.5712002281264413
ck_93470896f0804b6b,0.9946698126678365
ck_3be854e42e76569a,0.0016646752363293242
ck_0567302c57a2417e,0.005753561298578159
ck_ee535461b5f05539,0.23935491901726016
ck_94a096c36162a153,0.0025676951409745086
ck_dfc8f5c141fd7c63,0.004858563674333713
ck_98b34f2d704c1c2a,0.0025342862441768365
ck_96dff7a09d45f116,0.08553115334898498
ck_79557434c129ba52,0.0016108051011471333
ck_4596624a7c01d501,0.0013825397904664639
ck_04e89fbd739243fa,0.00016993603237469795
ck_6149ffaf18872dc8,0.0005614187850966014
ck_cd78f0832a09bd8f,0.636417696135064
ck_7e29c10d781c3b41,0.0031236712109283978
ck_1f7ee7b23fc6f2f4,0.0004097393628476464
ck_c49b685d2b3ab89a,0.0006587040055302132
ck_84569a8fc50e73ac,0.002424992524570591
ck_b92b11d205af91eb,0.0001281912662124645
ck_06280e6d6d2485b0,0.0016890382947374219
ck_3c08546dd0c92863,0.0018028247570143843
ck_99d3983f907828bf,0.0013822747709117912
ck_eccfd552aa652d3c,0.003150755426685013
ck_0cff8153881875ba,0.003637443241380967
ck_c1aebbeca6ab5ff9,0.001182635486259546
ck_538fdbbb3c2bcbbb,0.004163390696384015
ck_8c0210322733c718,0.0004670731284699556
ck_0b0c93039f987abc,0.0008902166137881311
ck_6d07d6d1bd227d37,0.19306314244644232
ck_9b6ee35e8cd0b11c,0.0007196539411824612
ck_d838491d3d4f5ecf,0.0004712875409070455
ck_0593ae243a9ebee9,0.0024701275338155247
ck_ef261fc09be8eb0b,0.001373053109658203
ck_d0935b571a4a3868,0.006401795150210733
ck_97d04a67a104af39,0.06629073858368362
ck_e25f70d0b7229420,0.0033462962697884966
ck_9b71274ff83de482,0.9945070274596253
ck_6de2aa2bb60978d3,0.00865257206519927
ck_eda55c8fb47593d7,0.0015901435265670142
ck_924e572517515f19,0.37026927636674195
ck_d6f27eacbad310f4,0.0004909246890555358
ck_8550f229b5eb03ab,0.000832224567874187
ck_e3e95546a84d0ed8,0.007121857034636457
ck_3135c019696ee6af,0.9806909469995508
ck_41ba315d8fccb559,0.0009461180237485948
ck_72b86e4485da2d0f,0.9975265641687968
ck_daaa995f3c2f0e47,0.0023216558820903454
ck_053746067839696b,0.0017804686553891994
ck_a15fe7d0f4b65c33,0.5505103150803098
ck_15de11438732bb05,0.003649557578561232
ck_2c4d25acbe3fabd9,0.00688562076476084
ck_7f08078908599bd2,0.014563742707714655
ck_e794741742fb2619,0.0020804785877351307
ck_238e53b6dee8c301,0.00026655037781277103
ck_53a6a33060d5c8b8,0.0005005050430299523
ck_0e0919292ad33472,0.9170650593598997
ck_d86ccf148c06c8c8,0.0285618871740899
ck_c881f26c9bf9ae42,0.5475737958604437
ck_4b0947bf94e9d847,0.04227697972627841
ck_e10ff5c38bd18470,0.0006719467961854888
ck_b60de9e97aad9e45,0.8543344725900355
ck_190bc849e5ff5401,0.004531743993083842
ck_e7be077aa0b2632c,0.00016479517850505015
ck_a51abde881ebeff3,0.0009159627992972873
ck_2208392a9f6bd249,0.0009177124830367031
ck_0259da8f109017e9,0.000539739403997465
ck_05e01ab9c95449da,0.0025534330615889513
ck_c82897ebffb6ae66,0.0029707031964623
ck_b4a6bb4689cd7cfa,0.012494872868053971
ck_9e21ea33018ce538,0.0019232694760894517
ck_caa348f0e65db062,0.9971986359916222
ck_a964e6b5d8415334,0.5327403934049196
ck_510bfbbee37ff436,0.013688688904600597
ck_9741a82faf5c7889,0.05550893778992799
ck_e7f61b4a39ba98ac,0.0015870590178063478
ck_069d158665a53909,0.0031241299675300897
ck_6426427efe3228af,0.009545654192207119
ck_ab4a8d02ec3c0fd7,0.0001548368902247654
ck_aefa0d8d933e0eca,0.007104217878990675
ck_232325ef6bce92f1,0.001806354239555956
ck_14e58c3fb26a2b4d,0.004418669277696687
ck_06e73afdec26aecc,0.053804883318878775
ck_3168f4f2778d64e1,0.00864452973516644
ck_ff3998d6858daa21,0.0001366179442344177
ck_bccff46fb0868454,0.3405190707613152
ck_c7d444d90fa86d7c,0.3298312118952088
ck_f0bc3bdee6bfbb94,0.007939579425010442
ck_f7112818a6d81422,0.08986912436844978
ck_aca35dbcb835ad02,0.0196585035372437
ck_f637fabf0f60528f,0.002962788356721616
ck_53d17ab97de1ac3e,0.0011250548555124824
ck_c8c1bf16d9113493,0.008996002741813317
ck_e842fb0cf055a83b,0.013069461732719978
ck_93c0cb3dac4891fe,0.0003505605937290026
ck_0c1f088e17e46daf,0.024932859607393686
ck_8f4b384955bf57c9,0.0026653714399685045
ck_09cd5c4df1e81ac2,0.055406895894443274
ck_1e832a5b2342554f,0.023326640418906374
ck_2cb763a881aee27f,0.00024162163624140545
ck_5875828b11406398,0.0014746315274493643
ck_48e84b0cb0b90fa7,0.003814501918806047
ck_833688de8629c5c0,0.0008707381725190842
ck_117d78ccd5820f36,0.005106238624708404
ck_668ec61c4c39cae3,0.0009600174096956168
ck_73a7794b659d7a34,0.0004677965837151076
ck_10f90d879209734f,0.0021205577850970593
ck_d1d079913aa158bf,0.001179948424974299
ck_01c631b38e8a9535,0.0016996204128833633
ck_f6923088c17a04e2,0.03657474476076772
ck_b447badc9138987d,0.00024803644630854685
ck_8b772caed8f1541c,0.0017362267908468238
ck_5403c76fe68a08ba,0.18907939239180685
ck_3e6833574edf1736,0.00038835181599689554
ck_e527fbb9450a4581,0.967556316660207
ck_cc90e219f1ebf390,0.00038579150167965606
